run_id,source,dataset,method,lr,cm,status,exclusion_category,exclusion_reason,gmm_eval,val_mse,actually_ran_as,run_dir
det_screen_femnist_z_fedgda_d_seed0_alpha0p5_lr0p003_cm1,original_screen,femnist_z,fedgda_d,0.003,1.0,eligible,,,-0.010775015537086735,0.23233724894313615,,/home/arnav22103/FederatedDeepGMM/results/highdim_deterministic_screen_20260813/femnist_z/fedgda_d/seed_0/det_screen_femnist_z_fedgda_d_seed0_alpha0p5_lr0p003_cm1
det_screen_femnist_z_fedgda_d_seed0_alpha0p5_lr0p003_cm5,original_screen,femnist_z,fedgda_d,0.003,5.0,eligible,,,-0.001517333368010798,0.21536543487024765,,/home/arnav22103/FederatedDeepGMM/results/highdim_deterministic_screen_20260813/femnist_z/fedgda_d/seed_0/det_screen_femnist_z_fedgda_d_seed0_alpha0p5_lr0p003_cm5
det_screen_femnist_z_fedgda_d_seed0_alpha0p5_lr0p01_cm1,original_screen,femnist_z,fedgda_d,0.01,1.0,eligible,,,-8.556477635291782e-05,0.15976250953395246,,/home/arnav22103/FederatedDeepGMM/results/highdim_deterministic_screen_20260813/femnist_z/fedgda_d/seed_0/det_screen_femnist_z_fedgda_d_seed0_alpha0p5_lr0p01_cm1
det_screen_femnist_z_fedgda_d_seed0_alpha0p5_lr0p01_cm5,original_screen,femnist_z,fedgda_d,0.01,5.0,eligible,,,0.0275869392129135,0.13274897850878986,,/home/arnav22103/FederatedDeepGMM/results/highdim_deterministic_screen_20260813/femnist_z/fedgda_d/seed_0/det_screen_femnist_z_fedgda_d_seed0_alpha0p5_lr0p01_cm5
det_screen_femnist_z_fedgda_d_seed0_alpha0p5_lr0p03_cm1,original_screen,femnist_z,fedgda_d,0.03,1.0,eligible,,,0.08867699030643743,0.04380034234375428,,/home/arnav22103/FederatedDeepGMM/results/highdim_deterministic_screen_20260813/femnist_z/fedgda_d/seed_0/det_screen_femnist_z_fedgda_d_seed0_alpha0p5_lr0p03_cm1
det_screen_femnist_z_fedgda_d_seed0_alpha0p5_lr0p03_cm5,original_screen,femnist_z,fedgda_d,0.03,5.0,eligible,,,0.23475494598795568,0.0757880410892742,,/home/arnav22103/FederatedDeepGMM/results/highdim_deterministic_screen_20260813/femnist_z/fedgda_d/seed_0/det_screen_femnist_z_fedgda_d_seed0_alpha0p5_lr0p03_cm5
det_screen_femnist_z_fedogda_d_seed0_alpha0p5_lr0p001_cm1,original_screen,femnist_z,fedogda_d,0.001,1.0,eligible,,,-0.003650397097155006,0.2353601262137432,,/home/arnav22103/FederatedDeepGMM/results/highdim_deterministic_screen_20260813/femnist_z/fedogda_d/seed_0/det_screen_femnist_z_fedogda_d_seed0_alpha0p5_lr0p001_cm1
det_screen_femnist_z_fedogda_d_seed0_alpha0p5_lr0p001_cm5,original_screen,femnist_z,fedogda_d,0.001,5.0,eligible,,,0.03778164004905554,0.2326111387369503,,/home/arnav22103/FederatedDeepGMM/results/highdim_deterministic_screen_20260813/femnist_z/fedogda_d/seed_0/det_screen_femnist_z_fedogda_d_seed0_alpha0p5_lr0p001_cm5
det_screen_femnist_z_fedogda_d_seed0_alpha0p5_lr0p003_cm1,original_screen,femnist_z,fedogda_d,0.003,1.0,eligible,,,-0.007296338492779358,0.2233115460056893,,/home/arnav22103/FederatedDeepGMM/results/highdim_deterministic_screen_20260813/femnist_z/fedogda_d/seed_0/det_screen_femnist_z_fedogda_d_seed0_alpha0p5_lr0p003_cm1
det_screen_femnist_z_fedogda_d_seed0_alpha0p5_lr0p003_cm5,original_screen,femnist_z,fedogda_d,0.003,5.0,eligible,,,-0.03678249807930989,0.22048171598486077,,/home/arnav22103/FederatedDeepGMM/results/highdim_deterministic_screen_20260813/femnist_z/fedogda_d/seed_0/det_screen_femnist_z_fedogda_d_seed0_alpha0p5_lr0p003_cm5
det_screen_femnist_z_fedogda_d_seed0_alpha0p5_lr0p01_cm1,original_screen,femnist_z,fedogda_d,0.01,1.0,eligible,,,-0.020315347772416448,0.16554070349753183,,/home/arnav22103/FederatedDeepGMM/results/highdim_deterministic_screen_20260813/femnist_z/fedogda_d/seed_0/det_screen_femnist_z_fedogda_d_seed0_alpha0p5_lr0p01_cm1
det_screen_femnist_z_fedogda_d_seed0_alpha0p5_lr0p01_cm5,original_screen,femnist_z,fedogda_d,0.01,5.0,excluded,original_screen_or_expansion1_exclusion,diverged,,,,/home/arnav22103/FederatedDeepGMM/results/highdim_deterministic_screen_20260813/femnist_z/fedogda_d/seed_0/det_screen_femnist_z_fedogda_d_seed0_alpha0p5_lr0p01_cm5
det_screen_femnist_x_fedgda_d_seed0_alpha0p5_lr0p003_cm5,original_screen,femnist_x,fedgda_d,0.003,5.0,eligible,,,-0.01355138039361858,0.2182755337146526,,/home/arnav22103/FederatedDeepGMM/results/highdim_deterministic_screen_20260813/femnist_x/fedgda_d/seed_0/det_screen_femnist_x_fedgda_d_seed0_alpha0p5_lr0p003_cm5
det_screen_femnist_x_fedgda_d_seed0_alpha0p5_lr0p003_cm10,original_screen,femnist_x,fedgda_d,0.003,10.0,eligible,,,-0.014938783775156825,0.19217131295526632,,/home/arnav22103/FederatedDeepGMM/results/highdim_deterministic_screen_20260813/femnist_x/fedgda_d/seed_0/det_screen_femnist_x_fedgda_d_seed0_alpha0p5_lr0p003_cm10
det_screen_femnist_x_fedgda_d_seed0_alpha0p5_lr0p01_cm5,original_screen,femnist_x,fedgda_d,0.01,5.0,eligible,,,-0.003069469065610831,0.1733931944773965,,/home/arnav22103/FederatedDeepGMM/results/highdim_deterministic_screen_20260813/femnist_x/fedgda_d/seed_0/det_screen_femnist_x_fedgda_d_seed0_alpha0p5_lr0p01_cm5
det_screen_femnist_x_fedgda_d_seed0_alpha0p5_lr0p01_cm10,original_screen,femnist_x,fedgda_d,0.01,10.0,eligible,,,-0.002005321806888505,0.17691871621714078,,/home/arnav22103/FederatedDeepGMM/results/highdim_deterministic_screen_20260813/femnist_x/fedgda_d/seed_0/det_screen_femnist_x_fedgda_d_seed0_alpha0p5_lr0p01_cm10
det_screen_femnist_x_fedgda_d_seed0_alpha0p5_lr0p03_cm5,original_screen,femnist_x,fedgda_d,0.03,5.0,eligible,,,-0.006049441014379068,0.11775034818160422,,/home/arnav22103/FederatedDeepGMM/results/highdim_deterministic_screen_20260813/femnist_x/fedgda_d/seed_0/det_screen_femnist_x_fedgda_d_seed0_alpha0p5_lr0p03_cm5
det_screen_femnist_x_fedgda_d_seed0_alpha0p5_lr0p03_cm10,original_screen,femnist_x,fedgda_d,0.03,10.0,eligible,,,-0.011441993409190788,0.18121701702733578,,/home/arnav22103/FederatedDeepGMM/results/highdim_deterministic_screen_20260813/femnist_x/fedgda_d/seed_0/det_screen_femnist_x_fedgda_d_seed0_alpha0p5_lr0p03_cm10
det_screen_femnist_x_fedogda_d_seed0_alpha0p5_lr0p001_cm5,original_screen,femnist_x,fedogda_d,0.001,5.0,eligible,,,-0.029440755026767775,0.18668351382075662,,/home/arnav22103/FederatedDeepGMM/results/highdim_deterministic_screen_20260813/femnist_x/fedogda_d/seed_0/det_screen_femnist_x_fedogda_d_seed0_alpha0p5_lr0p001_cm5
det_screen_femnist_x_fedogda_d_seed0_alpha0p5_lr0p001_cm10,original_screen,femnist_x,fedogda_d,0.001,10.0,eligible,,,-0.025334554646638058,0.19286090802416445,,/home/arnav22103/FederatedDeepGMM/results/highdim_deterministic_screen_20260813/femnist_x/fedogda_d/seed_0/det_screen_femnist_x_fedogda_d_seed0_alpha0p5_lr0p001_cm10
det_screen_femnist_x_fedogda_d_seed0_alpha0p5_lr0p003_cm5,original_screen,femnist_x,fedogda_d,0.003,5.0,eligible,,,-0.032019969483519525,0.1935191133679704,,/home/arnav22103/FederatedDeepGMM/results/highdim_deterministic_screen_20260813/femnist_x/fedogda_d/seed_0/det_screen_femnist_x_fedogda_d_seed0_alpha0p5_lr0p003_cm5
det_screen_femnist_x_fedogda_d_seed0_alpha0p5_lr0p003_cm10,original_screen,femnist_x,fedogda_d,0.003,10.0,eligible,,,-0.009837181249142797,0.17351104957656793,,/home/arnav22103/FederatedDeepGMM/results/highdim_deterministic_screen_20260813/femnist_x/fedogda_d/seed_0/det_screen_femnist_x_fedogda_d_seed0_alpha0p5_lr0p003_cm10
det_screen_femnist_x_fedogda_d_seed0_alpha0p5_lr0p01_cm5,original_screen,femnist_x,fedogda_d,0.01,5.0,eligible,,,-0.001098588113269077,0.1737971212027396,,/home/arnav22103/FederatedDeepGMM/results/highdim_deterministic_screen_20260813/femnist_x/fedogda_d/seed_0/det_screen_femnist_x_fedogda_d_seed0_alpha0p5_lr0p01_cm5
det_screen_femnist_x_fedogda_d_seed0_alpha0p5_lr0p01_cm10,original_screen,femnist_x,fedogda_d,0.01,10.0,eligible,,,-0.000220765521619806,0.14099738368975265,,/home/arnav22103/FederatedDeepGMM/results/highdim_deterministic_screen_20260813/femnist_x/fedogda_d/seed_0/det_screen_femnist_x_fedogda_d_seed0_alpha0p5_lr0p01_cm10
det_screen_femnist_xz_fedgda_d_seed0_alpha0p5_lr0p003_cm1,original_screen,femnist_xz,fedgda_d,0.003,1.0,eligible,,,0.04077948028473007,0.1466794746382203,,/home/arnav22103/FederatedDeepGMM/results/highdim_deterministic_screen_20260813/femnist_xz/fedgda_d/seed_0/det_screen_femnist_xz_fedgda_d_seed0_alpha0p5_lr0p003_cm1
det_screen_femnist_xz_fedgda_d_seed0_alpha0p5_lr0p003_cm5,original_screen,femnist_xz,fedgda_d,0.003,5.0,eligible,,,0.031949621188820665,0.16596248360957988,,/home/arnav22103/FederatedDeepGMM/results/highdim_deterministic_screen_20260813/femnist_xz/fedgda_d/seed_0/det_screen_femnist_xz_fedgda_d_seed0_alpha0p5_lr0p003_cm5
det_screen_femnist_xz_fedgda_d_seed0_alpha0p5_lr0p01_cm1,original_screen,femnist_xz,fedgda_d,0.01,1.0,eligible,,,0.24351315398479834,0.16296519875618998,,/home/arnav22103/FederatedDeepGMM/results/highdim_deterministic_screen_20260813/femnist_xz/fedgda_d/seed_0/det_screen_femnist_xz_fedgda_d_seed0_alpha0p5_lr0p01_cm1
det_screen_femnist_xz_fedgda_d_seed0_alpha0p5_lr0p01_cm5,original_screen,femnist_xz,fedgda_d,0.01,5.0,eligible,,,0.006063316993167901,0.12835084761277543,,/home/arnav22103/FederatedDeepGMM/results/highdim_deterministic_screen_20260813/femnist_xz/fedgda_d/seed_0/det_screen_femnist_xz_fedgda_d_seed0_alpha0p5_lr0p01_cm5
det_screen_femnist_xz_fedgda_d_seed0_alpha0p5_lr0p03_cm1,original_screen,femnist_xz,fedgda_d,0.03,1.0,eligible,,,0.07578056584959825,0.14298529225453757,,/home/arnav22103/FederatedDeepGMM/results/highdim_deterministic_screen_20260813/femnist_xz/fedgda_d/seed_0/det_screen_femnist_xz_fedgda_d_seed0_alpha0p5_lr0p03_cm1
det_screen_femnist_xz_fedgda_d_seed0_alpha0p5_lr0p03_cm5,original_screen,femnist_xz,fedgda_d,0.03,5.0,eligible,,,0.0036445149544764243,0.09876183082318821,,/home/arnav22103/FederatedDeepGMM/results/highdim_deterministic_screen_20260813/femnist_xz/fedgda_d/seed_0/det_screen_femnist_xz_fedgda_d_seed0_alpha0p5_lr0p03_cm5
det_screen_femnist_xz_fedogda_d_seed0_alpha0p5_lr0p001_cm1,original_screen,femnist_xz,fedogda_d,0.001,1.0,eligible,,,0.032311664159705406,0.1447734547164781,,/home/arnav22103/FederatedDeepGMM/results/highdim_deterministic_screen_20260813/femnist_xz/fedogda_d/seed_0/det_screen_femnist_xz_fedogda_d_seed0_alpha0p5_lr0p001_cm1
det_screen_femnist_xz_fedogda_d_seed0_alpha0p5_lr0p001_cm5,original_screen,femnist_xz,fedogda_d,0.001,5.0,eligible,,,0.11913008979073261,0.1639073853099214,,/home/arnav22103/FederatedDeepGMM/results/highdim_deterministic_screen_20260813/femnist_xz/fedogda_d/seed_0/det_screen_femnist_xz_fedogda_d_seed0_alpha0p5_lr0p001_cm5
det_screen_femnist_xz_fedogda_d_seed0_alpha0p5_lr0p003_cm1,original_screen,femnist_xz,fedogda_d,0.003,1.0,eligible,,,0.03721064881099404,0.16865007295181936,,/home/arnav22103/FederatedDeepGMM/results/highdim_deterministic_screen_20260813/femnist_xz/fedogda_d/seed_0/det_screen_femnist_xz_fedogda_d_seed0_alpha0p5_lr0p003_cm1
det_screen_femnist_xz_fedogda_d_seed0_alpha0p5_lr0p003_cm5,original_screen,femnist_xz,fedogda_d,0.003,5.0,excluded,original_screen_or_expansion1_exclusion,diverged,,,,/home/arnav22103/FederatedDeepGMM/results/highdim_deterministic_screen_20260813/femnist_xz/fedogda_d/seed_0/det_screen_femnist_xz_fedogda_d_seed0_alpha0p5_lr0p003_cm5
det_screen_femnist_xz_fedogda_d_seed0_alpha0p5_lr0p01_cm1,original_screen,femnist_xz,fedogda_d,0.01,1.0,eligible,,,0.004756243172055349,0.1379728974873538,,/home/arnav22103/FederatedDeepGMM/results/highdim_deterministic_screen_20260813/femnist_xz/fedogda_d/seed_0/det_screen_femnist_xz_fedogda_d_seed0_alpha0p5_lr0p01_cm1
det_screen_femnist_xz_fedogda_d_seed0_alpha0p5_lr0p01_cm5,original_screen,femnist_xz,fedogda_d,0.01,5.0,excluded,original_screen_or_expansion1_exclusion,diverged,,,,/home/arnav22103/FederatedDeepGMM/results/highdim_deterministic_screen_20260813/femnist_xz/fedogda_d/seed_0/det_screen_femnist_xz_fedogda_d_seed0_alpha0p5_lr0p01_cm5
det_screen_cifar10_z_fedgda_d_seed0_alpha0p5_lr0p003_cm1,original_screen,cifar10_z,fedgda_d,0.003,1.0,eligible,,,-0.013586961094965017,0.232663527408167,,/home/arnav22103/FederatedDeepGMM/results/highdim_deterministic_screen_20260813/cifar10_z/fedgda_d/seed_0/det_screen_cifar10_z_fedgda_d_seed0_alpha0p5_lr0p003_cm1
det_screen_cifar10_z_fedgda_d_seed0_alpha0p5_lr0p003_cm5,original_screen,cifar10_z,fedgda_d,0.003,5.0,eligible,,,-0.022405111831908166,0.22781936427769228,,/home/arnav22103/FederatedDeepGMM/results/highdim_deterministic_screen_20260813/cifar10_z/fedgda_d/seed_0/det_screen_cifar10_z_fedgda_d_seed0_alpha0p5_lr0p003_cm5
det_screen_cifar10_z_fedgda_d_seed0_alpha0p5_lr0p01_cm1,original_screen,cifar10_z,fedgda_d,0.01,1.0,eligible,,,-0.0034166777520984893,0.22162327106672333,,/home/arnav22103/FederatedDeepGMM/results/highdim_deterministic_screen_20260813/cifar10_z/fedgda_d/seed_0/det_screen_cifar10_z_fedgda_d_seed0_alpha0p5_lr0p01_cm1
det_screen_cifar10_z_fedgda_d_seed0_alpha0p5_lr0p01_cm5,original_screen,cifar10_z,fedgda_d,0.01,5.0,eligible,,,0.008918493126072485,0.182016957020904,,/home/arnav22103/FederatedDeepGMM/results/highdim_deterministic_screen_20260813/cifar10_z/fedgda_d/seed_0/det_screen_cifar10_z_fedgda_d_seed0_alpha0p5_lr0p01_cm5
det_screen_cifar10_z_fedgda_d_seed0_alpha0p5_lr0p03_cm1,original_screen,cifar10_z,fedgda_d,0.03,1.0,eligible,,,0.023784069617496954,0.23460342681059682,,/home/arnav22103/FederatedDeepGMM/results/highdim_deterministic_screen_20260813/cifar10_z/fedgda_d/seed_0/det_screen_cifar10_z_fedgda_d_seed0_alpha0p5_lr0p03_cm1
det_screen_cifar10_z_fedgda_d_seed0_alpha0p5_lr0p03_cm5,original_screen,cifar10_z,fedgda_d,0.03,5.0,eligible,,,-0.007914881891430033,0.22059806321489472,,/home/arnav22103/FederatedDeepGMM/results/highdim_deterministic_screen_20260813/cifar10_z/fedgda_d/seed_0/det_screen_cifar10_z_fedgda_d_seed0_alpha0p5_lr0p03_cm5
det_screen_cifar10_z_fedogda_d_seed0_alpha0p5_lr0p001_cm1,original_screen,cifar10_z,fedogda_d,0.001,1.0,eligible,,,-0.0077885127812322985,0.23466225227889437,,/home/arnav22103/FederatedDeepGMM/results/highdim_deterministic_screen_20260813/cifar10_z/fedogda_d/seed_0/det_screen_cifar10_z_fedogda_d_seed0_alpha0p5_lr0p001_cm1
det_screen_cifar10_z_fedogda_d_seed0_alpha0p5_lr0p001_cm5,original_screen,cifar10_z,fedogda_d,0.001,5.0,excluded,original_screen_or_expansion1_exclusion,diverged,,,,/home/arnav22103/FederatedDeepGMM/results/highdim_deterministic_screen_20260813/cifar10_z/fedogda_d/seed_0/det_screen_cifar10_z_fedogda_d_seed0_alpha0p5_lr0p001_cm5
det_screen_cifar10_z_fedogda_d_seed0_alpha0p5_lr0p003_cm1,original_screen,cifar10_z,fedogda_d,0.003,1.0,eligible,,,0.02788648249042469,0.23377097533878533,,/home/arnav22103/FederatedDeepGMM/results/highdim_deterministic_screen_20260813/cifar10_z/fedogda_d/seed_0/det_screen_cifar10_z_fedogda_d_seed0_alpha0p5_lr0p003_cm1
det_screen_cifar10_z_fedogda_d_seed0_alpha0p5_lr0p003_cm5,original_screen,cifar10_z,fedogda_d,0.003,5.0,excluded,original_screen_or_expansion1_exclusion,diverged,,,,/home/arnav22103/FederatedDeepGMM/results/highdim_deterministic_screen_20260813/cifar10_z/fedogda_d/seed_0/det_screen_cifar10_z_fedogda_d_seed0_alpha0p5_lr0p003_cm5
det_screen_cifar10_z_fedogda_d_seed0_alpha0p5_lr0p01_cm1,original_screen,cifar10_z,fedogda_d,0.01,1.0,excluded,original_screen_or_expansion1_exclusion,diverged,,,,/home/arnav22103/FederatedDeepGMM/results/highdim_deterministic_screen_20260813/cifar10_z/fedogda_d/seed_0/det_screen_cifar10_z_fedogda_d_seed0_alpha0p5_lr0p01_cm1
det_screen_cifar10_z_fedogda_d_seed0_alpha0p5_lr0p01_cm5,original_screen,cifar10_z,fedogda_d,0.01,5.0,excluded,original_screen_or_expansion1_exclusion,diverged,,,,/home/arnav22103/FederatedDeepGMM/results/highdim_deterministic_screen_20260813/cifar10_z/fedogda_d/seed_0/det_screen_cifar10_z_fedogda_d_seed0_alpha0p5_lr0p01_cm5
det_screen_cifar10_x_fedgda_d_seed0_alpha0p5_lr0p003_cm5,original_screen,cifar10_x,fedgda_d,0.003,5.0,eligible,,,-0.00042155277020928215,0.21055543778337005,,/home/arnav22103/FederatedDeepGMM/results/highdim_deterministic_screen_20260813/cifar10_x/fedgda_d/seed_0/det_screen_cifar10_x_fedgda_d_seed0_alpha0p5_lr0p003_cm5
det_screen_cifar10_x_fedgda_d_seed0_alpha0p5_lr0p003_cm10,original_screen,cifar10_x,fedgda_d,0.003,10.0,eligible,,,-0.0004140119401317684,0.21054247799827022,,/home/arnav22103/FederatedDeepGMM/results/highdim_deterministic_screen_20260813/cifar10_x/fedgda_d/seed_0/det_screen_cifar10_x_fedgda_d_seed0_alpha0p5_lr0p003_cm10
det_screen_cifar10_x_fedgda_d_seed0_alpha0p5_lr0p01_cm5,original_screen,cifar10_x,fedgda_d,0.01,5.0,eligible,,,-2.444670429000242e-05,0.1847429890781981,,/home/arnav22103/FederatedDeepGMM/results/highdim_deterministic_screen_20260813/cifar10_x/fedgda_d/seed_0/det_screen_cifar10_x_fedgda_d_seed0_alpha0p5_lr0p01_cm5
det_screen_cifar10_x_fedgda_d_seed0_alpha0p5_lr0p01_cm10,original_screen,cifar10_x,fedgda_d,0.01,10.0,eligible,,,-1.381257115831007e-05,0.15810041131877034,,/home/arnav22103/FederatedDeepGMM/results/highdim_deterministic_screen_20260813/cifar10_x/fedgda_d/seed_0/det_screen_cifar10_x_fedgda_d_seed0_alpha0p5_lr0p01_cm10
det_screen_cifar10_x_fedgda_d_seed0_alpha0p5_lr0p03_cm5,original_screen,cifar10_x,fedgda_d,0.03,5.0,eligible,,,-0.00011870417639619181,0.15112586235246753,,/home/arnav22103/FederatedDeepGMM/results/highdim_deterministic_screen_20260813/cifar10_x/fedgda_d/seed_0/det_screen_cifar10_x_fedgda_d_seed0_alpha0p5_lr0p03_cm5
det_screen_cifar10_x_fedgda_d_seed0_alpha0p5_lr0p03_cm10,original_screen,cifar10_x,fedgda_d,0.03,10.0,eligible,,,-3.885138257351292e-05,0.1467293050267362,,/home/arnav22103/FederatedDeepGMM/results/highdim_deterministic_screen_20260813/cifar10_x/fedgda_d/seed_0/det_screen_cifar10_x_fedgda_d_seed0_alpha0p5_lr0p03_cm10
det_screen_cifar10_x_fedogda_d_seed0_alpha0p5_lr0p001_cm5,original_screen,cifar10_x,fedogda_d,0.001,5.0,eligible,,,-0.0007433770643852277,0.20989109458594093,,/home/arnav22103/FederatedDeepGMM/results/highdim_deterministic_screen_20260813/cifar10_x/fedogda_d/seed_0/det_screen_cifar10_x_fedogda_d_seed0_alpha0p5_lr0p001_cm5
det_screen_cifar10_x_fedogda_d_seed0_alpha0p5_lr0p001_cm10,original_screen,cifar10_x,fedogda_d,0.001,10.0,eligible,,,-0.0008803880390529702,0.20989073308750458,,/home/arnav22103/FederatedDeepGMM/results/highdim_deterministic_screen_20260813/cifar10_x/fedogda_d/seed_0/det_screen_cifar10_x_fedogda_d_seed0_alpha0p5_lr0p001_cm10
det_screen_cifar10_x_fedogda_d_seed0_alpha0p5_lr0p003_cm5,original_screen,cifar10_x,fedogda_d,0.003,5.0,eligible,,,-0.00030477945187561405,0.18819462664719802,,/home/arnav22103/FederatedDeepGMM/results/highdim_deterministic_screen_20260813/cifar10_x/fedogda_d/seed_0/det_screen_cifar10_x_fedogda_d_seed0_alpha0p5_lr0p003_cm5
det_screen_cifar10_x_fedogda_d_seed0_alpha0p5_lr0p003_cm10,original_screen,cifar10_x,fedogda_d,0.003,10.0,eligible,,,-0.0012407690426470227,0.15582877206136656,,/home/arnav22103/FederatedDeepGMM/results/highdim_deterministic_screen_20260813/cifar10_x/fedogda_d/seed_0/det_screen_cifar10_x_fedogda_d_seed0_alpha0p5_lr0p003_cm10
det_screen_cifar10_x_fedogda_d_seed0_alpha0p5_lr0p01_cm5,original_screen,cifar10_x,fedogda_d,0.01,5.0,eligible,,,2.028312153640557e-06,0.16691291472394218,,/home/arnav22103/FederatedDeepGMM/results/highdim_deterministic_screen_20260813/cifar10_x/fedogda_d/seed_0/det_screen_cifar10_x_fedogda_d_seed0_alpha0p5_lr0p01_cm5
det_screen_cifar10_x_fedogda_d_seed0_alpha0p5_lr0p01_cm10,original_screen,cifar10_x,fedogda_d,0.01,10.0,eligible,,,-0.00012716408735894801,0.14435996505851953,,/home/arnav22103/FederatedDeepGMM/results/highdim_deterministic_screen_20260813/cifar10_x/fedogda_d/seed_0/det_screen_cifar10_x_fedogda_d_seed0_alpha0p5_lr0p01_cm10
det_screen_cifar10_xz_fedgda_d_seed0_alpha0p5_lr0p003_cm1,original_screen,cifar10_xz,fedgda_d,0.003,1.0,eligible,,,0.006666070694002965,0.14991832395754062,,/home/arnav22103/FederatedDeepGMM/results/highdim_deterministic_screen_20260813/cifar10_xz/fedgda_d/seed_0/det_screen_cifar10_xz_fedgda_d_seed0_alpha0p5_lr0p003_cm1
det_screen_cifar10_xz_fedgda_d_seed0_alpha0p5_lr0p003_cm5,original_screen,cifar10_xz,fedgda_d,0.003,5.0,eligible,,,0.007188850545201992,0.14512229898591858,,/home/arnav22103/FederatedDeepGMM/results/highdim_deterministic_screen_20260813/cifar10_xz/fedgda_d/seed_0/det_screen_cifar10_xz_fedgda_d_seed0_alpha0p5_lr0p003_cm5
det_screen_cifar10_xz_fedgda_d_seed0_alpha0p5_lr0p01_cm1,original_screen,cifar10_xz,fedgda_d,0.01,1.0,eligible,,,0.0012515577604942502,0.1386587678160986,,/home/arnav22103/FederatedDeepGMM/results/highdim_deterministic_screen_20260813/cifar10_xz/fedgda_d/seed_0/det_screen_cifar10_xz_fedgda_d_seed0_alpha0p5_lr0p01_cm1
det_screen_cifar10_xz_fedgda_d_seed0_alpha0p5_lr0p01_cm5,original_screen,cifar10_xz,fedgda_d,0.01,5.0,eligible,,,-8.480650068844761e-05,0.1372730967076885,,/home/arnav22103/FederatedDeepGMM/results/highdim_deterministic_screen_20260813/cifar10_xz/fedgda_d/seed_0/det_screen_cifar10_xz_fedgda_d_seed0_alpha0p5_lr0p01_cm5
det_screen_cifar10_xz_fedgda_d_seed0_alpha0p5_lr0p03_cm1,original_screen,cifar10_xz,fedgda_d,0.03,1.0,eligible,,,-0.0010541124745877207,0.14407550420460427,,/home/arnav22103/FederatedDeepGMM/results/highdim_deterministic_screen_20260813/cifar10_xz/fedgda_d/seed_0/det_screen_cifar10_xz_fedgda_d_seed0_alpha0p5_lr0p03_cm1
det_screen_cifar10_xz_fedgda_d_seed0_alpha0p5_lr0p03_cm5,original_screen,cifar10_xz,fedgda_d,0.03,5.0,eligible,,,-0.0007717159850414052,0.14735773195104615,,/home/arnav22103/FederatedDeepGMM/results/highdim_deterministic_screen_20260813/cifar10_xz/fedgda_d/seed_0/det_screen_cifar10_xz_fedgda_d_seed0_alpha0p5_lr0p03_cm5
det_screen_cifar10_xz_fedogda_d_seed0_alpha0p5_lr0p001_cm1,original_screen,cifar10_xz,fedogda_d,0.001,1.0,eligible,,,-0.00064104304536294,0.15956316286276534,,/home/arnav22103/FederatedDeepGMM/results/highdim_deterministic_screen_20260813/cifar10_xz/fedogda_d/seed_0/det_screen_cifar10_xz_fedogda_d_seed0_alpha0p5_lr0p001_cm1
det_screen_cifar10_xz_fedogda_d_seed0_alpha0p5_lr0p001_cm5,original_screen,cifar10_xz,fedogda_d,0.001,5.0,eligible,,,0.013222817047504802,0.1541619130789023,,/home/arnav22103/FederatedDeepGMM/results/highdim_deterministic_screen_20260813/cifar10_xz/fedogda_d/seed_0/det_screen_cifar10_xz_fedogda_d_seed0_alpha0p5_lr0p001_cm5
det_screen_cifar10_xz_fedogda_d_seed0_alpha0p5_lr0p003_cm1,original_screen,cifar10_xz,fedogda_d,0.003,1.0,eligible,,,0.002470401148961036,0.14461022998931636,,/home/arnav22103/FederatedDeepGMM/results/highdim_deterministic_screen_20260813/cifar10_xz/fedogda_d/seed_0/det_screen_cifar10_xz_fedogda_d_seed0_alpha0p5_lr0p003_cm1
det_screen_cifar10_xz_fedogda_d_seed0_alpha0p5_lr0p003_cm5,original_screen,cifar10_xz,fedogda_d,0.003,5.0,eligible,,,0.014836583782530218,0.14587165489799092,,/home/arnav22103/FederatedDeepGMM/results/highdim_deterministic_screen_20260813/cifar10_xz/fedogda_d/seed_0/det_screen_cifar10_xz_fedogda_d_seed0_alpha0p5_lr0p003_cm5
det_screen_cifar10_xz_fedogda_d_seed0_alpha0p5_lr0p01_cm1,original_screen,cifar10_xz,fedogda_d,0.01,1.0,excluded,original_screen_or_expansion1_exclusion,metrics.last_50_validation_mse_std is not finite: nan,,,,/home/arnav22103/FederatedDeepGMM/results/highdim_deterministic_screen_20260813/cifar10_xz/fedogda_d/seed_0/det_screen_cifar10_xz_fedogda_d_seed0_alpha0p5_lr0p01_cm1
det_screen_cifar10_xz_fedogda_d_seed0_alpha0p5_lr0p01_cm5,original_screen,cifar10_xz,fedogda_d,0.01,5.0,excluded,original_screen_or_expansion1_exclusion,diverged,,,,/home/arnav22103/FederatedDeepGMM/results/highdim_deterministic_screen_20260813/cifar10_xz/fedogda_d/seed_0/det_screen_cifar10_xz_fedogda_d_seed0_alpha0p5_lr0p01_cm5
det_screen_expand_femnist_z_fedgda_d_seed0_alpha0p5_lr0p1_cm1,expansion_1,femnist_z,fedgda_d,0.1,1.0,eligible,,,-0.004537568932835585,0.17775264465971416,,/home/arnav22103/FederatedDeepGMM/results/highdim_deterministic_screen_20260813/femnist_z/fedgda_d/seed_0/det_screen_expand_femnist_z_fedgda_d_seed0_alpha0p5_lr0p1_cm1
det_screen_expand_femnist_z_fedgda_d_seed0_alpha0p5_lr0p1_cm5,expansion_1,femnist_z,fedgda_d,0.1,5.0,excluded,original_screen_or_expansion1_exclusion,"missing artifacts: ['metrics.json', 'mse_by_round.csv', 'predictions.npz', 'checkpoints/best_validation.pt', 'checkpoints/final.pt']",,,,/home/arnav22103/FederatedDeepGMM/results/highdim_deterministic_screen_20260813/femnist_z/fedgda_d/seed_0/det_screen_expand_femnist_z_fedgda_d_seed0_alpha0p5_lr0p1_cm5
det_screen_expand_femnist_z_fedogda_d_seed0_alpha0p5_lr0p03_cm1,expansion_1,femnist_z,fedogda_d,0.03,1.0,excluded,original_screen_or_expansion1_exclusion,metrics.final_moment_violation is not finite: nan,,,,/home/arnav22103/FederatedDeepGMM/results/highdim_deterministic_screen_20260813/femnist_z/fedogda_d/seed_0/det_screen_expand_femnist_z_fedogda_d_seed0_alpha0p5_lr0p03_cm1
det_screen_expand_femnist_z_fedogda_d_seed0_alpha0p5_lr0p03_cm5,expansion_1,femnist_z,fedogda_d,0.03,5.0,excluded,original_screen_or_expansion1_exclusion,diverged,,,,/home/arnav22103/FederatedDeepGMM/results/highdim_deterministic_screen_20260813/femnist_z/fedogda_d/seed_0/det_screen_expand_femnist_z_fedogda_d_seed0_alpha0p5_lr0p03_cm5
det_screen_expand_femnist_xz_fedgda_d_seed0_alpha0p5_lr0p1_cm5,expansion_1,femnist_xz,fedgda_d,0.1,5.0,eligible,,,-0.0004291693661913496,0.09718071547364514,,/home/arnav22103/FederatedDeepGMM/results/highdim_deterministic_screen_20260813/femnist_xz/fedgda_d/seed_0/det_screen_expand_femnist_xz_fedgda_d_seed0_alpha0p5_lr0p1_cm5
det_screen_expand_femnist_xz_fedgda_d_seed0_alpha0p5_lr0p03_cm10,expansion_1,femnist_xz,fedgda_d,0.03,10.0,eligible,,,-0.0008849408412881791,0.14097102368841083,,/home/arnav22103/FederatedDeepGMM/results/highdim_deterministic_screen_20260813/femnist_xz/fedgda_d/seed_0/det_screen_expand_femnist_xz_fedgda_d_seed0_alpha0p5_lr0p03_cm10
det_screen_expand_femnist_xz_fedgda_d_seed0_alpha0p5_lr0p1_cm10,expansion_1,femnist_xz,fedgda_d,0.1,10.0,eligible,,,-0.000697134193843644,0.10032891119059381,,/home/arnav22103/FederatedDeepGMM/results/highdim_deterministic_screen_20260813/femnist_xz/fedgda_d/seed_0/det_screen_expand_femnist_xz_fedgda_d_seed0_alpha0p5_lr0p1_cm10
det_screen_expand_femnist_x_fedgda_d_seed0_alpha0p5_lr0p1_cm5,expansion_1,femnist_x,fedgda_d,0.1,5.0,eligible,,,-0.0003574421266254079,0.13297079988156554,,/home/arnav22103/FederatedDeepGMM/results/highdim_deterministic_screen_20260813/femnist_x/fedgda_d/seed_0/det_screen_expand_femnist_x_fedgda_d_seed0_alpha0p5_lr0p1_cm5
det_screen_expand_femnist_x_fedgda_d_seed0_alpha0p5_lr0p1_cm10,expansion_1,femnist_x,fedgda_d,0.1,10.0,eligible,,,5.437512170550968e-05,0.12717514729969204,,/home/arnav22103/FederatedDeepGMM/results/highdim_deterministic_screen_20260813/femnist_x/fedgda_d/seed_0/det_screen_expand_femnist_x_fedgda_d_seed0_alpha0p5_lr0p1_cm10
det_screen_expand_femnist_x_fedogda_d_seed0_alpha0p5_lr0p03_cm10,expansion_1,femnist_x,fedogda_d,0.03,10.0,eligible,,,-1.9762347510117773e-05,0.1718304333058063,,/home/arnav22103/FederatedDeepGMM/results/highdim_deterministic_screen_20260813/femnist_x/fedogda_d/seed_0/det_screen_expand_femnist_x_fedogda_d_seed0_alpha0p5_lr0p03_cm10
det_screen_expand_femnist_x_fedogda_d_seed0_alpha0p5_lr0p01_cm20,expansion_1,femnist_x,fedogda_d,0.01,20.0,eligible,,,-0.0004737900729001011,0.13150994857073287,,/home/arnav22103/FederatedDeepGMM/results/highdim_deterministic_screen_20260813/femnist_x/fedogda_d/seed_0/det_screen_expand_femnist_x_fedogda_d_seed0_alpha0p5_lr0p01_cm20
det_screen_expand_femnist_x_fedogda_d_seed0_alpha0p5_lr0p03_cm20,expansion_1,femnist_x,fedogda_d,0.03,20.0,excluded,original_screen_or_expansion1_exclusion,metrics.last_50_validation_mse_std is not finite: nan,,,,/home/arnav22103/FederatedDeepGMM/results/highdim_deterministic_screen_20260813/femnist_x/fedogda_d/seed_0/det_screen_expand_femnist_x_fedogda_d_seed0_alpha0p5_lr0p03_cm20
det_screen_expand_cifar10_x_fedgda_d_seed0_alpha0p5_lr0p1_cm10,expansion_1,cifar10_x,fedgda_d,0.1,10.0,eligible,,,3.060519850885084e-05,0.14730461983227675,,/home/arnav22103/FederatedDeepGMM/results/highdim_deterministic_screen_20260813/cifar10_x/fedgda_d/seed_0/det_screen_expand_cifar10_x_fedgda_d_seed0_alpha0p5_lr0p1_cm10
det_screen_expand_cifar10_x_fedgda_d_seed0_alpha0p5_lr0p03_cm20,expansion_1,cifar10_x,fedgda_d,0.03,20.0,eligible,,,-0.00016416556308428718,0.15365601571153964,,/home/arnav22103/FederatedDeepGMM/results/highdim_deterministic_screen_20260813/cifar10_x/fedgda_d/seed_0/det_screen_expand_cifar10_x_fedgda_d_seed0_alpha0p5_lr0p03_cm20
det_screen_expand_cifar10_x_fedgda_d_seed0_alpha0p5_lr0p1_cm20,expansion_1,cifar10_x,fedgda_d,0.1,20.0,eligible,,,8.486637813410346e-06,0.14588661986283688,,/home/arnav22103/FederatedDeepGMM/results/highdim_deterministic_screen_20260813/cifar10_x/fedgda_d/seed_0/det_screen_expand_cifar10_x_fedgda_d_seed0_alpha0p5_lr0p1_cm20
det_screen_expand_cifar10_x_fedogda_d_seed0_alpha0p5_lr0p03_cm10,expansion_1,cifar10_x,fedogda_d,0.03,10.0,eligible,,,-1.9764800313716037e-05,0.16337461269547507,,/home/arnav22103/FederatedDeepGMM/results/highdim_deterministic_screen_20260813/cifar10_x/fedogda_d/seed_0/det_screen_expand_cifar10_x_fedogda_d_seed0_alpha0p5_lr0p03_cm10
det_screen_expand_cifar10_x_fedogda_d_seed0_alpha0p5_lr0p01_cm20,expansion_1,cifar10_x,fedogda_d,0.01,20.0,eligible,,,6.538956950917446e-05,0.14694624495308792,,/home/arnav22103/FederatedDeepGMM/results/highdim_deterministic_screen_20260813/cifar10_x/fedogda_d/seed_0/det_screen_expand_cifar10_x_fedogda_d_seed0_alpha0p5_lr0p01_cm20
det_screen_expand_cifar10_x_fedogda_d_seed0_alpha0p5_lr0p03_cm20,expansion_1,cifar10_x,fedogda_d,0.03,20.0,eligible,,,-1.5889626888399884e-05,0.16009975042799623,,/home/arnav22103/FederatedDeepGMM/results/highdim_deterministic_screen_20260813/cifar10_x/fedogda_d/seed_0/det_screen_expand_cifar10_x_fedogda_d_seed0_alpha0p5_lr0p03_cm20
det_screen_expand_cifar10_z_fedgda_d_seed0_alpha0p5_lr0p01_cm10,expansion_1,cifar10_z,fedgda_d,0.01,10.0,eligible,,,0.056898794449298844,0.20300886219738856,,/home/arnav22103/FederatedDeepGMM/results/highdim_deterministic_screen_20260813/cifar10_z/fedgda_d/seed_0/det_screen_expand_cifar10_z_fedgda_d_seed0_alpha0p5_lr0p01_cm10
det_screen_expand2_cifar10_xz_fedgda_d_seed0_alpha0p5_lr0p003_cm10,expansion_2_fedgda_d,cifar10_xz,fedgda_d,0.003,10.0,eligible,,,0.008896577418831429,0.14252746053827062,,/home/arnav22103/FederatedDeepGMM/results/highdim_deterministic_screen_20260813/cifar10_xz/fedgda_d/seed_0/det_screen_expand2_cifar10_xz_fedgda_d_seed0_alpha0p5_lr0p003_cm10
det_screen_expand2_cifar10_x_fedgda_d_seed0_alpha0p5_lr0p333333_cm10,expansion_2_fedgda_d,cifar10_x,fedgda_d,0.333333,10.0,excluded,fedgda_d_pretraining_failure,"missing artifacts: ['metrics.json', 'mse_by_round.csv', 'predictions.npz', 'checkpoints/best_validation.pt', 'checkpoints/final.pt']",,,,/home/arnav22103/FederatedDeepGMM/results/highdim_deterministic_screen_20260813/cifar10_x/fedgda_d/seed_0/det_screen_expand2_cifar10_x_fedgda_d_seed0_alpha0p5_lr0p333333_cm10
det_screen_expand2_cifar10_z_fedgda_d_seed0_alpha0p5_lr0p01_cm20,expansion_2_fedgda_d,cifar10_z,fedgda_d,0.01,20.0,eligible,,,0.07293439843219808,0.20850996632075097,,/home/arnav22103/FederatedDeepGMM/results/highdim_deterministic_screen_20260813/cifar10_z/fedgda_d/seed_0/det_screen_expand2_cifar10_z_fedgda_d_seed0_alpha0p5_lr0p01_cm20
det_screen_expand2_femnist_x_fedgda_d_seed0_alpha0p5_lr0p333333_cm10,expansion_2_fedgda_d,femnist_x,fedgda_d,0.333333,10.0,excluded,fedgda_d_pretraining_failure,"missing artifacts: ['metrics.json', 'mse_by_round.csv', 'predictions.npz', 'checkpoints/best_validation.pt', 'checkpoints/final.pt']",,,,/home/arnav22103/FederatedDeepGMM/results/highdim_deterministic_screen_20260813/femnist_x/fedgda_d/seed_0/det_screen_expand2_femnist_x_fedgda_d_seed0_alpha0p5_lr0p333333_cm10
det_screen_expand2_femnist_x_fedgda_d_seed0_alpha0p5_lr0p1_cm20,expansion_2_fedgda_d,femnist_x,fedgda_d,0.1,20.0,eligible,,,-0.0005162141070458656,0.11912617883986638,,/home/arnav22103/FederatedDeepGMM/results/highdim_deterministic_screen_20260813/femnist_x/fedgda_d/seed_0/det_screen_expand2_femnist_x_fedgda_d_seed0_alpha0p5_lr0p1_cm20
det_screen_expand2_femnist_x_fedgda_d_seed0_alpha0p5_lr0p333333_cm20,expansion_2_fedgda_d,femnist_x,fedgda_d,0.333333,20.0,excluded,fedgda_d_pretraining_failure,"missing artifacts: ['metrics.json', 'mse_by_round.csv', 'predictions.npz', 'checkpoints/best_validation.pt', 'checkpoints/final.pt']",,,,/home/arnav22103/FederatedDeepGMM/results/highdim_deterministic_screen_20260813/femnist_x/fedgda_d/seed_0/det_screen_expand2_femnist_x_fedgda_d_seed0_alpha0p5_lr0p333333_cm20
det_screen_expand2_femnist_z_fedgda_d_seed0_alpha0p5_lr0p03_cm10,expansion_2_fedgda_d,femnist_z,fedgda_d,0.03,10.0,eligible,,,0.06806853688171927,0.14685631930323026,,/home/arnav22103/FederatedDeepGMM/results/highdim_deterministic_screen_20260813/femnist_z/fedgda_d/seed_0/det_screen_expand2_femnist_z_fedgda_d_seed0_alpha0p5_lr0p03_cm10
det_screen_expand2_cifar10_xz_fedogda_d_seed0_alpha0p5_lr0p009_cm5,expansion_2_mislabeled_fedogda_d_QUARANTINED,cifar10_xz,fedogda_d,0.009,5.0,excluded,mislabeled_optimizer_bug,"reference_row() template-lookup bug: client_optimizer='sgd' instead of 'ogda' for method=fedogda_d. Trained and completed as FedGDA-D under a fedogda_d run_id. Quarantined, never eligible for ranking. See INVALIDATION_NOTE_20260819.md.",,,fedgda_d (sgd),/home/arnav22103/FederatedDeepGMM/experiments/highdim_coauthor_protocol_v1/deterministic_screen_20260813/QUARANTINE_20260819_mislabeled_fedogda_expand2/results/cifar10_xz/fedogda_d/seed_0/det_screen_expand2_cifar10_xz_fedogda_d_seed0_alpha0p5_lr0p009_cm5
det_screen_expand2_cifar10_xz_fedogda_d_seed0_alpha0p5_lr0p003_cm10,expansion_2_mislabeled_fedogda_d_QUARANTINED,cifar10_xz,fedogda_d,0.003,10.0,excluded,mislabeled_optimizer_bug,"reference_row() template-lookup bug: client_optimizer='sgd' instead of 'ogda' for method=fedogda_d. Trained and completed as FedGDA-D under a fedogda_d run_id. Quarantined, never eligible for ranking. See INVALIDATION_NOTE_20260819.md.",,,fedgda_d (sgd),/home/arnav22103/FederatedDeepGMM/experiments/highdim_coauthor_protocol_v1/deterministic_screen_20260813/QUARANTINE_20260819_mislabeled_fedogda_expand2/results/cifar10_xz/fedogda_d/seed_0/det_screen_expand2_cifar10_xz_fedogda_d_seed0_alpha0p5_lr0p003_cm10
det_screen_expand2_cifar10_xz_fedogda_d_seed0_alpha0p5_lr0p009_cm10,expansion_2_mislabeled_fedogda_d_QUARANTINED,cifar10_xz,fedogda_d,0.009,10.0,excluded,mislabeled_optimizer_bug,"reference_row() template-lookup bug: client_optimizer='sgd' instead of 'ogda' for method=fedogda_d. Trained and completed as FedGDA-D under a fedogda_d run_id. Quarantined, never eligible for ranking. See INVALIDATION_NOTE_20260819.md.",,,fedgda_d (sgd),/home/arnav22103/FederatedDeepGMM/experiments/highdim_coauthor_protocol_v1/deterministic_screen_20260813/QUARANTINE_20260819_mislabeled_fedogda_expand2/results/cifar10_xz/fedogda_d/seed_0/det_screen_expand2_cifar10_xz_fedogda_d_seed0_alpha0p5_lr0p009_cm10
det_screen_expand2_cifar10_x_fedogda_d_seed0_alpha0p5_lr0p01_cm40,expansion_2_mislabeled_fedogda_d_QUARANTINED,cifar10_x,fedogda_d,0.01,40.0,excluded,mislabeled_optimizer_bug,"reference_row() template-lookup bug: client_optimizer='sgd' instead of 'ogda' for method=fedogda_d. Trained and completed as FedGDA-D under a fedogda_d run_id. Quarantined, never eligible for ranking. See INVALIDATION_NOTE_20260819.md.",,,fedgda_d (sgd),/home/arnav22103/FederatedDeepGMM/experiments/highdim_coauthor_protocol_v1/deterministic_screen_20260813/QUARANTINE_20260819_mislabeled_fedogda_expand2/results/cifar10_x/fedogda_d/seed_0/det_screen_expand2_cifar10_x_fedogda_d_seed0_alpha0p5_lr0p01_cm40
det_screen_expand2_cifar10_z_fedogda_d_seed0_alpha0p5_lr0p009_cm1,expansion_2_mislabeled_fedogda_d_QUARANTINED,cifar10_z,fedogda_d,0.009,1.0,excluded,mislabeled_optimizer_bug,"reference_row() template-lookup bug: client_optimizer='sgd' instead of 'ogda' for method=fedogda_d. Trained and completed as FedGDA-D under a fedogda_d run_id. Quarantined, never eligible for ranking. See INVALIDATION_NOTE_20260819.md.",,,fedgda_d (sgd),/home/arnav22103/FederatedDeepGMM/experiments/highdim_coauthor_protocol_v1/deterministic_screen_20260813/QUARANTINE_20260819_mislabeled_fedogda_expand2/results/cifar10_z/fedogda_d/seed_0/det_screen_expand2_cifar10_z_fedogda_d_seed0_alpha0p5_lr0p009_cm1
det_screen_expand2_cifar10_z_fedogda_d_seed0_alpha0p5_lr0p003_cm2,expansion_2_mislabeled_fedogda_d_QUARANTINED,cifar10_z,fedogda_d,0.003,2.0,excluded,mislabeled_optimizer_bug,"reference_row() template-lookup bug: client_optimizer='sgd' instead of 'ogda' for method=fedogda_d. Trained and completed as FedGDA-D under a fedogda_d run_id. Quarantined, never eligible for ranking. See INVALIDATION_NOTE_20260819.md.",,,fedgda_d (sgd),/home/arnav22103/FederatedDeepGMM/experiments/highdim_coauthor_protocol_v1/deterministic_screen_20260813/QUARANTINE_20260819_mislabeled_fedogda_expand2/results/cifar10_z/fedogda_d/seed_0/det_screen_expand2_cifar10_z_fedogda_d_seed0_alpha0p5_lr0p003_cm2
det_screen_expand2_cifar10_z_fedogda_d_seed0_alpha0p5_lr0p009_cm2,expansion_2_mislabeled_fedogda_d_QUARANTINED,cifar10_z,fedogda_d,0.009,2.0,excluded,mislabeled_optimizer_bug,"reference_row() template-lookup bug: client_optimizer='sgd' instead of 'ogda' for method=fedogda_d. Trained and completed as FedGDA-D under a fedogda_d run_id. Quarantined, never eligible for ranking. See INVALIDATION_NOTE_20260819.md.",,,fedgda_d (sgd),/home/arnav22103/FederatedDeepGMM/experiments/highdim_coauthor_protocol_v1/deterministic_screen_20260813/QUARANTINE_20260819_mislabeled_fedogda_expand2/results/cifar10_z/fedogda_d/seed_0/det_screen_expand2_cifar10_z_fedogda_d_seed0_alpha0p5_lr0p009_cm2
det_screen_expand2_femnist_xz_fedogda_d_seed0_alpha0p5_lr0p001_cm10,expansion_2_mislabeled_fedogda_d_QUARANTINED,femnist_xz,fedogda_d,0.001,10.0,excluded,mislabeled_optimizer_bug,"reference_row() template-lookup bug: client_optimizer='sgd' instead of 'ogda' for method=fedogda_d. Trained and completed as FedGDA-D under a fedogda_d run_id. Quarantined, never eligible for ranking. See INVALIDATION_NOTE_20260819.md.",,,fedgda_d (sgd),/home/arnav22103/FederatedDeepGMM/experiments/highdim_coauthor_protocol_v1/deterministic_screen_20260813/QUARANTINE_20260819_mislabeled_fedogda_expand2/results/femnist_xz/fedogda_d/seed_0/det_screen_expand2_femnist_xz_fedogda_d_seed0_alpha0p5_lr0p001_cm10
det_screen_expand2_femnist_x_fedogda_d_seed0_alpha0p5_lr0p09_cm10,expansion_2_mislabeled_fedogda_d_QUARANTINED,femnist_x,fedogda_d,0.09,10.0,excluded,mislabeled_optimizer_bug,"reference_row() template-lookup bug: client_optimizer='sgd' instead of 'ogda' for method=fedogda_d. Trained and completed as FedGDA-D under a fedogda_d run_id. Quarantined, never eligible for ranking. See INVALIDATION_NOTE_20260819.md.",,,fedgda_d (sgd),/home/arnav22103/FederatedDeepGMM/experiments/highdim_coauthor_protocol_v1/deterministic_screen_20260813/QUARANTINE_20260819_mislabeled_fedogda_expand2/results/femnist_x/fedogda_d/seed_0/det_screen_expand2_femnist_x_fedogda_d_seed0_alpha0p5_lr0p09_cm10
det_screen_expand2_femnist_z_fedogda_d_seed0_alpha0p5_lr0p001_cm10,expansion_2_mislabeled_fedogda_d_QUARANTINED,femnist_z,fedogda_d,0.001,10.0,excluded,mislabeled_optimizer_bug,"reference_row() template-lookup bug: client_optimizer='sgd' instead of 'ogda' for method=fedogda_d. Trained and completed as FedGDA-D under a fedogda_d run_id. Quarantined, never eligible for ranking. See INVALIDATION_NOTE_20260819.md.",,,fedgda_d (sgd),/home/arnav22103/FederatedDeepGMM/experiments/highdim_coauthor_protocol_v1/deterministic_screen_20260813/QUARANTINE_20260819_mislabeled_fedogda_expand2/results/femnist_z/fedogda_d/seed_0/det_screen_expand2_femnist_z_fedogda_d_seed0_alpha0p5_lr0p001_cm10
det_screen_expand2corr_cifar10_xz_fedogda_d_seed0_alpha0p5_lr0p009_cm5,expansion_2_corrected_fedogda_d,cifar10_xz,fedogda_d,0.009,5.0,excluded,corrected_fedogda_d_nonfinite_or_diverged,diverged,,,,/home/arnav22103/FederatedDeepGMM/results/highdim_deterministic_screen_20260813/cifar10_xz/fedogda_d/seed_0/det_screen_expand2corr_cifar10_xz_fedogda_d_seed0_alpha0p5_lr0p009_cm5
det_screen_expand2corr_cifar10_xz_fedogda_d_seed0_alpha0p5_lr0p003_cm10,expansion_2_corrected_fedogda_d,cifar10_xz,fedogda_d,0.003,10.0,excluded,corrected_fedogda_d_nonfinite_or_diverged,diverged,,,,/home/arnav22103/FederatedDeepGMM/results/highdim_deterministic_screen_20260813/cifar10_xz/fedogda_d/seed_0/det_screen_expand2corr_cifar10_xz_fedogda_d_seed0_alpha0p5_lr0p003_cm10
det_screen_expand2corr_cifar10_xz_fedogda_d_seed0_alpha0p5_lr0p009_cm10,expansion_2_corrected_fedogda_d,cifar10_xz,fedogda_d,0.009,10.0,excluded,corrected_fedogda_d_nonfinite_or_diverged,diverged,,,,/home/arnav22103/FederatedDeepGMM/results/highdim_deterministic_screen_20260813/cifar10_xz/fedogda_d/seed_0/det_screen_expand2corr_cifar10_xz_fedogda_d_seed0_alpha0p5_lr0p009_cm10
det_screen_expand2corr_cifar10_x_fedogda_d_seed0_alpha0p5_lr0p01_cm40,expansion_2_corrected_fedogda_d,cifar10_x,fedogda_d,0.01,40.0,eligible,,,-0.0001611168269427307,0.14920022967186727,,/home/arnav22103/FederatedDeepGMM/results/highdim_deterministic_screen_20260813/cifar10_x/fedogda_d/seed_0/det_screen_expand2corr_cifar10_x_fedogda_d_seed0_alpha0p5_lr0p01_cm40
det_screen_expand2corr_cifar10_z_fedogda_d_seed0_alpha0p5_lr0p009_cm1,expansion_2_corrected_fedogda_d,cifar10_z,fedogda_d,0.009,1.0,excluded,corrected_fedogda_d_nonfinite_or_diverged,diverged,,,,/home/arnav22103/FederatedDeepGMM/results/highdim_deterministic_screen_20260813/cifar10_z/fedogda_d/seed_0/det_screen_expand2corr_cifar10_z_fedogda_d_seed0_alpha0p5_lr0p009_cm1
det_screen_expand2corr_cifar10_z_fedogda_d_seed0_alpha0p5_lr0p003_cm2,expansion_2_corrected_fedogda_d,cifar10_z,fedogda_d,0.003,2.0,eligible,,,-0.021903371650098855,0.23010436040573704,,/home/arnav22103/FederatedDeepGMM/results/highdim_deterministic_screen_20260813/cifar10_z/fedogda_d/seed_0/det_screen_expand2corr_cifar10_z_fedogda_d_seed0_alpha0p5_lr0p003_cm2
det_screen_expand2corr_cifar10_z_fedogda_d_seed0_alpha0p5_lr0p009_cm2,expansion_2_corrected_fedogda_d,cifar10_z,fedogda_d,0.009,2.0,excluded,corrected_fedogda_d_nonfinite_or_diverged,metrics.final_moment_violation is not finite: nan,,,,/home/arnav22103/FederatedDeepGMM/results/highdim_deterministic_screen_20260813/cifar10_z/fedogda_d/seed_0/det_screen_expand2corr_cifar10_z_fedogda_d_seed0_alpha0p5_lr0p009_cm2
det_screen_expand2corr_femnist_xz_fedogda_d_seed0_alpha0p5_lr0p001_cm10,expansion_2_corrected_fedogda_d,femnist_xz,fedogda_d,0.001,10.0,excluded,corrected_fedogda_d_nonfinite_or_diverged,diverged,,,,/home/arnav22103/FederatedDeepGMM/results/highdim_deterministic_screen_20260813/femnist_xz/fedogda_d/seed_0/det_screen_expand2corr_femnist_xz_fedogda_d_seed0_alpha0p5_lr0p001_cm10
det_screen_expand2corr_femnist_x_fedogda_d_seed0_alpha0p5_lr0p09_cm10,expansion_2_corrected_fedogda_d,femnist_x,fedogda_d,0.09,10.0,excluded,corrected_fedogda_d_nonfinite_or_diverged,diverged,,,,/home/arnav22103/FederatedDeepGMM/results/highdim_deterministic_screen_20260813/femnist_x/fedogda_d/seed_0/det_screen_expand2corr_femnist_x_fedogda_d_seed0_alpha0p5_lr0p09_cm10
det_screen_expand2corr_femnist_z_fedogda_d_seed0_alpha0p5_lr0p001_cm10,expansion_2_corrected_fedogda_d,femnist_z,fedogda_d,0.001,10.0,eligible,,,0.1368893124305488,0.23000484093949036,,/home/arnav22103/FederatedDeepGMM/results/highdim_deterministic_screen_20260813/femnist_z/fedogda_d/seed_0/det_screen_expand2corr_femnist_z_fedogda_d_seed0_alpha0p5_lr0p001_cm10
