run_id,method,dataset,seed,alpha,critic_multiplier,weight_decay,best_validation_mse,test_mse_at_best_validation,best_validation_round,final_validation_mse,final_test_mse,final_vs_best_validation_gap,last_50_val_mse_std,last_50_train_mse_std,diverged,runtime_seconds,result_dir
rerun_protocol_v1_abs_fedgda_s_seed0_alpha0p1,fedgda_s,abs,0,0.1,10.0,0.03,0.000677726099664873,0.0007014676955070171,423,0.002677796901597559,0.0027008256542297247,0.0020000708019326857,0.003567232073529178,0.0035835748792708106,False,392.4557795524597,results/rerun_protocol_v1/abs/fedgda_s/seed_0/rerun_protocol_v1_abs_fedgda_s_seed0_alpha0p1
rerun_protocol_v1_abs_fedogda_s_seed0_alpha0p1,fedogda_s,abs,0,0.1,10.0,0.1,0.004170564981794433,0.004224131604563522,498,0.00417281821339045,0.004232039798326876,2.253231596017341e-06,0.0020741636134441526,0.0020946238887232784,False,192.96896600723267,results/rerun_protocol_v1/abs/fedogda_s/seed_0/rerun_protocol_v1_abs_fedogda_s_seed0_alpha0p1
rerun_protocol_v1_abs_fedgda_s_seed1_alpha0p1,fedgda_s,abs,1,0.1,10.0,0.03,0.006225680175951548,0.006399854504840437,391,0.007542422803290181,0.00770980698874209,0.0013167426273386325,0.005242670299740274,0.005256482598629196,False,180.53315377235413,results/rerun_protocol_v1/abs/fedgda_s/seed_1/rerun_protocol_v1_abs_fedgda_s_seed1_alpha0p1
rerun_protocol_v1_abs_fedogda_s_seed1_alpha0p1,fedogda_s,abs,1,0.1,10.0,0.1,0.0063707108276686766,0.006492114916789562,415,0.014103992039626081,0.014664088416751007,0.007733281211957405,0.0013319346361862208,0.001353920655356067,False,193.33798146247864,results/rerun_protocol_v1/abs/fedogda_s/seed_1/rerun_protocol_v1_abs_fedogda_s_seed1_alpha0p1
rerun_protocol_v1_abs_fedgda_s_seed2_alpha0p1,fedgda_s,abs,2,0.1,10.0,0.03,0.0013642446348014969,0.001397470631696574,228,0.006119229185690571,0.00608580013347739,0.004754984550889074,0.0028053443962608917,0.0028578700113157315,False,187.8165876865387,results/rerun_protocol_v1/abs/fedgda_s/seed_2/rerun_protocol_v1_abs_fedgda_s_seed2_alpha0p1
rerun_protocol_v1_abs_fedogda_s_seed2_alpha0p1,fedogda_s,abs,2,0.1,10.0,0.1,0.024807159314620488,0.025336297087413546,498,0.025073277291488505,0.025622987336894797,0.0002661179768680168,0.004506107443418464,0.004590504566604523,False,196.0956494808197,results/rerun_protocol_v1/abs/fedogda_s/seed_2/rerun_protocol_v1_abs_fedogda_s_seed2_alpha0p1
rerun_protocol_v1_abs_fedgda_s_seed0_alpha0p5,fedgda_s,abs,0,0.5,10.0,0.03,0.0005237341518740604,0.0005328621876962478,222,0.001076617892090753,0.001118432342798487,0.0005528837402166926,0.0008647473266332204,0.0008668177217480088,False,181.0261514186859,results/rerun_protocol_v1/abs/fedgda_s/seed_0/rerun_protocol_v1_abs_fedgda_s_seed0_alpha0p5
rerun_protocol_v1_abs_fedogda_s_seed0_alpha0p5,fedogda_s,abs,0,0.5,10.0,0.1,0.006532075687872711,0.006701712291848975,499,0.006532075687872711,0.006701712291848975,0.0,0.003040367171673552,0.0030851802420471686,False,194.65146684646606,results/rerun_protocol_v1/abs/fedogda_s/seed_0/rerun_protocol_v1_abs_fedogda_s_seed0_alpha0p5
rerun_protocol_v1_abs_fedgda_s_seed1_alpha0p5,fedgda_s,abs,1,0.5,10.0,0.03,0.006419084240050454,0.006562232470117874,150,0.00850672651588012,0.008641235246094971,0.002087642275829667,0.0030475811386278234,0.003058941437715447,False,181.25218296051025,results/rerun_protocol_v1/abs/fedgda_s/seed_1/rerun_protocol_v1_abs_fedgda_s_seed1_alpha0p5
rerun_protocol_v1_abs_fedogda_s_seed1_alpha0p5,fedogda_s,abs,1,0.5,10.0,0.1,0.006828394533845636,0.006969377204524669,439,0.008621925529237691,0.008988455276731188,0.001793530995392055,0.0004995252190258801,0.0005161284325179315,False,196.48807048797607,results/rerun_protocol_v1/abs/fedogda_s/seed_1/rerun_protocol_v1_abs_fedogda_s_seed1_alpha0p5
rerun_protocol_v1_abs_fedgda_s_seed2_alpha0p5,fedgda_s,abs,2,0.5,10.0,0.03,0.001005735169824526,0.0010346327801986487,270,0.005491062172609885,0.005477743217867364,0.0044853270027853595,0.0012854831625349634,0.0013146182764402275,False,181.7880825996399,results/rerun_protocol_v1/abs/fedgda_s/seed_2/rerun_protocol_v1_abs_fedgda_s_seed2_alpha0p5
rerun_protocol_v1_abs_fedogda_s_seed2_alpha0p5,fedogda_s,abs,2,0.5,10.0,0.1,0.03178155207732554,0.03241663467431333,499,0.031781552077325526,0.03241663467431333,-1.3877787807814457e-17,0.004453335912816272,0.004546152521017554,False,193.90945672988892,results/rerun_protocol_v1/abs/fedogda_s/seed_2/rerun_protocol_v1_abs_fedogda_s_seed2_alpha0p5
rerun_protocol_v1_abs_fedgda_s_seed0_alpha1p0,fedgda_s,abs,0,1.0,10.0,0.03,0.0005863352658592794,0.0006057864695677811,488,0.005211021507622607,0.005223435684973628,0.0046246862417633275,0.0019255157303026138,0.0019294414545075545,False,182.16509342193604,results/rerun_protocol_v1/abs/fedgda_s/seed_0/rerun_protocol_v1_abs_fedgda_s_seed0_alpha1p0
rerun_protocol_v1_abs_fedogda_s_seed0_alpha1p0,fedogda_s,abs,0,1.0,10.0,0.1,0.007003598829362718,0.007101696785203967,499,0.0070035988293627215,0.007101696785203967,3.469446951953614e-18,0.0017805047442856193,0.0018175552237231192,False,195.64612460136414,results/rerun_protocol_v1/abs/fedogda_s/seed_0/rerun_protocol_v1_abs_fedogda_s_seed0_alpha1p0
rerun_protocol_v1_abs_fedgda_s_seed1_alpha1p0,fedgda_s,abs,1,1.0,10.0,0.03,0.0067637938333682986,0.006905123990474533,406,0.006808379173042358,0.006998887150620184,4.4585339674059477e-05,0.0047468257171103916,0.0047510158360402,False,176.98243808746338,results/rerun_protocol_v1/abs/fedgda_s/seed_1/rerun_protocol_v1_abs_fedgda_s_seed1_alpha1p0
rerun_protocol_v1_abs_fedogda_s_seed1_alpha1p0,fedogda_s,abs,1,1.0,10.0,0.1,0.006638181792948494,0.00678978273812457,450,0.011427279883128812,0.011951736101014205,0.0047890980901803175,0.0016582869809709652,0.0016914317509792124,False,193.97551321983337,results/rerun_protocol_v1/abs/fedogda_s/seed_1/rerun_protocol_v1_abs_fedogda_s_seed1_alpha1p0
rerun_protocol_v1_abs_fedgda_s_seed2_alpha1p0,fedgda_s,abs,2,1.0,10.0,0.03,0.0010598985846768448,0.0010968679157301287,255,0.005074400152564319,0.005282472171527157,0.004014501567887475,0.0016409512740714323,0.001656334180636754,False,182.44747972488403,results/rerun_protocol_v1/abs/fedgda_s/seed_2/rerun_protocol_v1_abs_fedgda_s_seed2_alpha1p0
rerun_protocol_v1_abs_fedogda_s_seed2_alpha1p0,fedogda_s,abs,2,1.0,10.0,0.1,0.033496169643517024,0.03441503768257774,499,0.033496169643517024,0.03441503768257774,0.0,0.0038380585420755083,0.00391169874126233,False,197.04139280319214,results/rerun_protocol_v1/abs/fedogda_s/seed_2/rerun_protocol_v1_abs_fedogda_s_seed2_alpha1p0
rerun_protocol_v1_linear_fedgda_s_seed0_alpha0p1,fedgda_s,linear,0,0.1,10.0,0.03,6.481662991840837e-05,6.552064568177548e-05,481,0.0008809232219349908,0.0008994462719826203,0.0008161065920165825,0.0034499792137857193,0.003462677438307962,False,183.01562452316284,results/rerun_protocol_v1/linear/fedgda_s/seed_0/rerun_protocol_v1_linear_fedgda_s_seed0_alpha0p1
rerun_protocol_v1_linear_fedogda_s_seed0_alpha0p1,fedogda_s,linear,0,0.1,10.0,0.1,0.0012675884443516378,0.001262243924902869,423,0.001970062764856735,0.0019264149138423395,0.0007024743205050973,0.0005307920632256382,0.0005304011045398005,False,196.66234374046326,results/rerun_protocol_v1/linear/fedogda_s/seed_0/rerun_protocol_v1_linear_fedogda_s_seed0_alpha0p1
rerun_protocol_v1_linear_fedgda_s_seed1_alpha0p1,fedgda_s,linear,1,0.1,10.0,0.03,0.0007671882196400474,0.0007707277504424529,299,0.023648481515270048,0.024390739309934524,0.02288129329563,0.010168450200484798,0.01022233482168136,False,178.7294783592224,results/rerun_protocol_v1/linear/fedgda_s/seed_1/rerun_protocol_v1_linear_fedgda_s_seed1_alpha0p1
rerun_protocol_v1_linear_fedogda_s_seed1_alpha0p1,fedogda_s,linear,1,0.1,10.0,0.1,0.0008709648846947978,0.0008752994345104018,325,0.001253278256750317,0.0012667877245754625,0.0003823133720555192,0.0011174506013193735,0.0011151856205743533,False,190.6394989490509,results/rerun_protocol_v1/linear/fedogda_s/seed_1/rerun_protocol_v1_linear_fedogda_s_seed1_alpha0p1
rerun_protocol_v1_linear_fedgda_s_seed2_alpha0p1,fedgda_s,linear,2,0.1,10.0,0.03,0.0003148451342411281,0.00031834185054889806,295,0.0046857533061223245,0.004911374762764521,0.0043709081718811965,0.0008192149604703528,0.0008201006090282278,False,183.94777512550354,results/rerun_protocol_v1/linear/fedgda_s/seed_2/rerun_protocol_v1_linear_fedgda_s_seed2_alpha0p1
rerun_protocol_v1_linear_fedogda_s_seed2_alpha0p1,fedogda_s,linear,2,0.1,10.0,0.1,0.006097382847877126,0.006236724091884938,499,0.006097382847877131,0.006236724091884938,4.336808689942018e-18,0.0019690328986363323,0.001974681268181347,False,195.40023970603943,results/rerun_protocol_v1/linear/fedogda_s/seed_2/rerun_protocol_v1_linear_fedogda_s_seed2_alpha0p1
rerun_protocol_v1_linear_fedgda_s_seed0_alpha0p5,fedgda_s,linear,0,0.5,10.0,0.03,0.0001655646355710424,0.00016656732111549775,425,0.002360460427699417,0.0023926975756404342,0.0021948957921283747,0.0008023651380642058,0.0008070719151925355,False,182.94684028625488,results/rerun_protocol_v1/linear/fedgda_s/seed_0/rerun_protocol_v1_linear_fedgda_s_seed0_alpha0p5
rerun_protocol_v1_linear_fedogda_s_seed0_alpha0p5,fedogda_s,linear,0,0.5,10.0,0.1,0.0007822137267112849,0.0007847149540269521,440,0.0011729623566767182,0.0011582412758197687,0.00039074862996543323,0.0003385257702228108,0.00033590554140741847,False,189.12082052230835,results/rerun_protocol_v1/linear/fedogda_s/seed_0/rerun_protocol_v1_linear_fedogda_s_seed0_alpha0p5
rerun_protocol_v1_linear_fedgda_s_seed1_alpha0p5,fedgda_s,linear,1,0.5,10.0,0.03,0.0005037077502202182,0.0005069194132579995,330,0.016922352747355804,0.01733318059226154,0.016418644997135586,0.010255438018331262,0.010305277760030214,False,182.78899359703064,results/rerun_protocol_v1/linear/fedgda_s/seed_1/rerun_protocol_v1_linear_fedgda_s_seed1_alpha0p5
rerun_protocol_v1_linear_fedogda_s_seed1_alpha0p5,fedogda_s,linear,1,0.5,10.0,0.1,0.0007639782529321825,0.0007672509647585216,338,0.0020431030487989103,0.0020528830767290703,0.001279124795866728,0.0007516348031774493,0.0007557757333000544,False,194.25671935081482,results/rerun_protocol_v1/linear/fedogda_s/seed_1/rerun_protocol_v1_linear_fedogda_s_seed1_alpha0p5
rerun_protocol_v1_linear_fedgda_s_seed2_alpha0p5,fedgda_s,linear,2,0.5,10.0,0.03,0.0003896788935959265,0.00039595862624269005,343,0.00676868306393913,0.006809634968664257,0.006379004170343204,0.0009609680754200321,0.0009692491012610997,False,180.97529816627502,results/rerun_protocol_v1/linear/fedgda_s/seed_2/rerun_protocol_v1_linear_fedgda_s_seed2_alpha0p5
rerun_protocol_v1_linear_fedogda_s_seed2_alpha0p5,fedogda_s,linear,2,0.5,10.0,0.1,0.007075657910292095,0.007251052753362265,499,0.0070756579102920925,0.007251052753362265,-2.6020852139652106e-18,0.0022804150137900785,0.0023069708615978306,False,193.30265498161316,results/rerun_protocol_v1/linear/fedogda_s/seed_2/rerun_protocol_v1_linear_fedogda_s_seed2_alpha0p5
rerun_protocol_v1_linear_fedgda_s_seed0_alpha1p0,fedgda_s,linear,0,1.0,10.0,0.03,8.541445515506145e-05,8.424079270976279e-05,430,0.004764185533900946,0.00484590422526663,0.004678771078745885,0.002354055041988748,0.0023536404514345943,False,184.82423734664917,results/rerun_protocol_v1/linear/fedgda_s/seed_0/rerun_protocol_v1_linear_fedgda_s_seed0_alpha1p0
rerun_protocol_v1_linear_fedogda_s_seed0_alpha1p0,fedogda_s,linear,0,1.0,10.0,0.1,0.0003851227021513554,0.00038712078798622235,457,0.0016189356159127016,0.0015920706170610695,0.0012338129137613462,0.0004528328799980887,0.0004486187541281537,False,194.588449716568,results/rerun_protocol_v1/linear/fedogda_s/seed_0/rerun_protocol_v1_linear_fedogda_s_seed0_alpha1p0
rerun_protocol_v1_linear_fedgda_s_seed1_alpha1p0,fedgda_s,linear,1,1.0,10.0,0.03,0.000586642290232431,0.0006129201898141918,496,0.0116996506927096,0.011980264239393437,0.01111300840247717,0.011056096693617299,0.01111858908420601,False,177.1493227481842,results/rerun_protocol_v1/linear/fedgda_s/seed_1/rerun_protocol_v1_linear_fedgda_s_seed1_alpha1p0
rerun_protocol_v1_linear_fedogda_s_seed1_alpha1p0,fedogda_s,linear,1,1.0,10.0,0.1,0.0007430554121704244,0.0007490467925889216,337,0.00129183801770664,0.0012842777566505347,0.0005487826055362156,0.0006699605493616786,0.0006711164850725104,False,196.68683385849,results/rerun_protocol_v1/linear/fedogda_s/seed_1/rerun_protocol_v1_linear_fedogda_s_seed1_alpha1p0
rerun_protocol_v1_linear_fedgda_s_seed2_alpha1p0,fedgda_s,linear,2,1.0,10.0,0.03,0.0005648602861198424,0.0005595686814700478,300,0.0051424204614957435,0.005193749711193318,0.004577560175375901,0.0015858144495627718,0.0016137536844962833,False,181.03696966171265,results/rerun_protocol_v1/linear/fedgda_s/seed_2/rerun_protocol_v1_linear_fedgda_s_seed2_alpha1p0
rerun_protocol_v1_linear_fedogda_s_seed2_alpha1p0,fedogda_s,linear,2,1.0,10.0,0.1,0.006515009258923614,0.006598469925796079,499,0.006515009258923612,0.006598469925796079,-1.734723475976807e-18,0.0015552350902815603,0.00157286071630491,False,197.05843305587769,results/rerun_protocol_v1/linear/fedogda_s/seed_2/rerun_protocol_v1_linear_fedogda_s_seed2_alpha1p0
rerun_protocol_v1_sin_fedgda_s_seed0_alpha0p1,fedgda_s,sin,0,0.1,10.0,0.03,0.08189453964122478,0.0837320533183688,469,0.08332989461805268,0.08456007782288795,0.0014353549768278961,0.0019336355105426851,0.0018559963523281232,False,179.86852407455444,results/rerun_protocol_v1/sin/fedgda_s/seed_0/rerun_protocol_v1_sin_fedgda_s_seed0_alpha0p1
rerun_protocol_v1_sin_fedogda_s_seed0_alpha0p1,fedogda_s,sin,0,0.1,10.0,0.1,0.08732176614876729,0.09010945455345735,402,0.09023609286653238,0.09339011742078997,0.0029143267177650922,0.0014242492320834645,0.0015575349294118246,False,205.30420017242432,results/rerun_protocol_v1/sin/fedogda_s/seed_0/rerun_protocol_v1_sin_fedogda_s_seed0_alpha0p1
rerun_protocol_v1_sin_fedgda_s_seed1_alpha0p1,fedgda_s,sin,1,0.1,10.0,0.03,0.07080392683672448,0.07252873976572619,486,0.07202875779840277,0.07427679011235436,0.0012248309616782888,0.0039638847670690905,0.0038769841521778684,False,180.46709394454956,results/rerun_protocol_v1/sin/fedgda_s/seed_1/rerun_protocol_v1_sin_fedgda_s_seed1_alpha0p1
rerun_protocol_v1_sin_fedogda_s_seed1_alpha0p1,fedogda_s,sin,1,0.1,10.0,0.1,0.07867262636737331,0.08011050574834426,25,0.08489368772199031,0.08786917987176532,0.006221061354617002,0.0009072239881239407,0.0009992318203016514,False,197.877290725708,results/rerun_protocol_v1/sin/fedogda_s/seed_1/rerun_protocol_v1_sin_fedogda_s_seed1_alpha0p1
rerun_protocol_v1_sin_fedgda_s_seed2_alpha0p1,fedgda_s,sin,2,0.1,10.0,0.03,0.07828553848043666,0.08011009984218251,485,0.08080058846985269,0.08260777252388152,0.0025150499894160266,0.0034568363233218958,0.0038179827442744274,False,181.1746153831482,results/rerun_protocol_v1/sin/fedgda_s/seed_2/rerun_protocol_v1_sin_fedgda_s_seed2_alpha0p1
rerun_protocol_v1_sin_fedogda_s_seed2_alpha0p1,fedogda_s,sin,2,0.1,10.0,0.1,0.08382666722090722,0.08660816378567072,420,0.0879878081428872,0.09164056843151362,0.004161140921979986,0.0009305403745012499,0.0011580916636834766,False,204.38344478607178,results/rerun_protocol_v1/sin/fedogda_s/seed_2/rerun_protocol_v1_sin_fedogda_s_seed2_alpha0p1
rerun_protocol_v1_sin_fedgda_s_seed0_alpha0p5,fedgda_s,sin,0,0.5,10.0,0.03,0.0792361134606482,0.08084465012555463,487,0.0796690112491075,0.0816933093903071,0.0004328977884592994,0.0013432783185414047,0.0015980974612679227,False,183.45447540283203,results/rerun_protocol_v1/sin/fedgda_s/seed_0/rerun_protocol_v1_sin_fedgda_s_seed0_alpha0p5
rerun_protocol_v1_sin_fedogda_s_seed0_alpha0p5,fedogda_s,sin,0,0.5,10.0,0.1,0.08778774919932615,0.09058282447044726,429,0.08780325081729268,0.09061746668689433,1.550161796652627e-05,0.0002839971946239374,0.00030532357434507397,False,196.77295804023743,results/rerun_protocol_v1/sin/fedogda_s/seed_0/rerun_protocol_v1_sin_fedogda_s_seed0_alpha0p5
rerun_protocol_v1_sin_fedgda_s_seed1_alpha0p5,fedgda_s,sin,1,0.5,10.0,0.03,0.06962375389340376,0.07087975474326494,486,0.07699764720247765,0.0797272999799262,0.007373893309073884,0.005256370521816938,0.0050074225113944555,False,180.3152551651001,results/rerun_protocol_v1/sin/fedgda_s/seed_1/rerun_protocol_v1_sin_fedgda_s_seed1_alpha0p5
rerun_protocol_v1_sin_fedogda_s_seed1_alpha0p5,fedogda_s,sin,1,0.5,10.0,0.1,0.0787147350235261,0.08056486794652362,110,0.08362752279051769,0.0861717312897127,0.004912787766991583,0.00019292901133332723,0.00016841489623353872,False,194.87167072296143,results/rerun_protocol_v1/sin/fedogda_s/seed_1/rerun_protocol_v1_sin_fedogda_s_seed1_alpha0p5
rerun_protocol_v1_sin_fedgda_s_seed2_alpha0p5,fedgda_s,sin,2,0.5,10.0,0.03,0.08005340943999527,0.08237799902299964,328,0.08149364176445384,0.0834791484525208,0.0014402323244585707,0.0006944345759277761,0.0007056555080627528,False,184.62194681167603,results/rerun_protocol_v1/sin/fedgda_s/seed_2/rerun_protocol_v1_sin_fedgda_s_seed2_alpha0p5
rerun_protocol_v1_sin_fedogda_s_seed2_alpha0p5,fedogda_s,sin,2,0.5,10.0,0.1,0.08430162928833569,0.08727304203073737,428,0.08626771445910998,0.08979218948399119,0.00196608517077429,0.0006178319580303596,0.0007326263087385919,False,201.11132979393005,results/rerun_protocol_v1/sin/fedogda_s/seed_2/rerun_protocol_v1_sin_fedogda_s_seed2_alpha0p5
rerun_protocol_v1_sin_fedgda_s_seed0_alpha1p0,fedgda_s,sin,0,1.0,10.0,0.03,0.07785834910472307,0.07978549290839898,496,0.0795006670453152,0.08108717190987186,0.0016423179405921223,0.0006915059866235945,0.000720592025911935,False,179.6273431777954,results/rerun_protocol_v1/sin/fedgda_s/seed_0/rerun_protocol_v1_sin_fedgda_s_seed0_alpha1p0
rerun_protocol_v1_sin_fedogda_s_seed0_alpha1p0,fedogda_s,sin,0,1.0,10.0,0.1,0.08766009975474562,0.09043478549269746,337,0.08824683995463622,0.09083144180882212,0.0005867401998906063,6.053511241804236e-05,8.888550897794874e-05,False,203.4080319404602,results/rerun_protocol_v1/sin/fedogda_s/seed_0/rerun_protocol_v1_sin_fedogda_s_seed0_alpha1p0
rerun_protocol_v1_sin_fedgda_s_seed1_alpha1p0,fedgda_s,sin,1,1.0,10.0,0.03,0.0737639576598922,0.0756283265223583,440,0.0773487233993059,0.08038967788338648,0.0035847657394137006,0.005371661018056886,0.005436830554218018,False,182.17711400985718,results/rerun_protocol_v1/sin/fedgda_s/seed_1/rerun_protocol_v1_sin_fedgda_s_seed1_alpha1p0
rerun_protocol_v1_sin_fedogda_s_seed1_alpha1p0,fedogda_s,sin,1,1.0,10.0,0.1,0.07891249461221363,0.08047187678032089,110,0.08413530001373602,0.08668815052905639,0.005222805401522396,0.00024211538522992036,0.00034631853582312353,False,194.86729860305786,results/rerun_protocol_v1/sin/fedogda_s/seed_1/rerun_protocol_v1_sin_fedogda_s_seed1_alpha1p0
rerun_protocol_v1_sin_fedgda_s_seed2_alpha1p0,fedgda_s,sin,2,1.0,10.0,0.03,0.07876101103322113,0.08051380406543718,463,0.08121189315570035,0.0834056959803923,0.0024508821224792227,0.0007233968624194713,0.0007619639843822984,False,178.15817546844482,results/rerun_protocol_v1/sin/fedgda_s/seed_2/rerun_protocol_v1_sin_fedgda_s_seed2_alpha1p0
rerun_protocol_v1_sin_fedogda_s_seed2_alpha1p0,fedogda_s,sin,2,1.0,10.0,0.1,0.08361395502265909,0.08647868933938554,498,0.08363400295703197,0.08649161834589947,2.0047934372879883e-05,6.848795690392524e-05,6.519982311222802e-05,False,199.38783931732178,results/rerun_protocol_v1/sin/fedogda_s/seed_2/rerun_protocol_v1_sin_fedogda_s_seed2_alpha1p0
rerun_protocol_v1_step_fedgda_s_seed0_alpha0p1,fedgda_s,step,0,0.1,10.0,0.03,0.027814618496127007,0.028218572987749786,484,0.030057164705552048,0.030328771864915057,0.0022425462094250413,0.0019087304555718112,0.0019266350029992032,False,179.6958463191986,results/rerun_protocol_v1/step/fedgda_s/seed_0/rerun_protocol_v1_step_fedgda_s_seed0_alpha0p1
rerun_protocol_v1_step_fedogda_s_seed0_alpha0p1,fedogda_s,step,0,0.1,10.0,0.1,0.029913518146718273,0.030507676798837383,424,0.03009502163984087,0.030763924088293693,0.00018150349312259784,0.0010319092327075305,0.0010641559773695278,False,193.86003422737122,results/rerun_protocol_v1/step/fedogda_s/seed_0/rerun_protocol_v1_step_fedogda_s_seed0_alpha0p1
rerun_protocol_v1_step_fedgda_s_seed1_alpha0p1,fedgda_s,step,1,0.1,10.0,0.03,0.02486079364546243,0.025218379926375142,487,0.02673222730641975,0.027310156296552653,0.0018714336609573223,0.003453140034961627,0.0034209459473527526,False,182.67610955238342,results/rerun_protocol_v1/step/fedgda_s/seed_1/rerun_protocol_v1_step_fedgda_s_seed1_alpha0p1
rerun_protocol_v1_step_fedogda_s_seed1_alpha0p1,fedogda_s,step,1,0.1,10.0,0.1,0.024838549409417442,0.02515483355049589,114,0.028783181232496857,0.029347608216447208,0.003944631823079414,0.000622715265666291,0.0006433768061734714,False,195.9485743045807,results/rerun_protocol_v1/step/fedogda_s/seed_1/rerun_protocol_v1_step_fedogda_s_seed1_alpha0p1
rerun_protocol_v1_step_fedgda_s_seed2_alpha0p1,fedgda_s,step,2,0.1,10.0,0.03,0.02808520238906342,0.028442072541331992,486,0.02810944561536089,0.028457605743916845,2.4243226297470527e-05,0.002329708209359075,0.002410107852652737,False,177.61552810668945,results/rerun_protocol_v1/step/fedgda_s/seed_2/rerun_protocol_v1_step_fedgda_s_seed2_alpha0p1
rerun_protocol_v1_step_fedogda_s_seed2_alpha0p1,fedogda_s,step,2,0.1,10.0,0.1,0.031241650694060957,0.03188241102342823,430,0.035199213235721186,0.036291327330487545,0.003957562541660228,0.0010956353301721739,0.0011653675261529366,False,195.8667438030243,results/rerun_protocol_v1/step/fedogda_s/seed_2/rerun_protocol_v1_step_fedogda_s_seed2_alpha0p1
rerun_protocol_v1_step_fedgda_s_seed0_alpha0p5,fedgda_s,step,0,0.5,10.0,0.03,0.025790936878708287,0.026161904214876575,479,0.026394296444964816,0.026855397342953426,0.000603359566256529,0.0007147812897973978,0.0007559807040378654,False,182.41463589668274,results/rerun_protocol_v1/step/fedgda_s/seed_0/rerun_protocol_v1_step_fedgda_s_seed0_alpha0p5
rerun_protocol_v1_step_fedogda_s_seed0_alpha0p5,fedogda_s,step,0,0.5,10.0,0.1,0.02961461787380765,0.030184297414644914,499,0.02961461787380765,0.030184297414644914,0.0,0.0002885423801828846,0.0002970493318967433,False,195.53921961784363,results/rerun_protocol_v1/step/fedogda_s/seed_0/rerun_protocol_v1_step_fedogda_s_seed0_alpha0p5
rerun_protocol_v1_step_fedgda_s_seed1_alpha0p5,fedgda_s,step,1,0.5,10.0,0.03,0.023744637373604598,0.024000679608566614,489,0.024372128038458347,0.024744867783718958,0.0006274906648537498,0.008008611969725323,0.007999662332042598,False,179.91432404518127,results/rerun_protocol_v1/step/fedgda_s/seed_1/rerun_protocol_v1_step_fedgda_s_seed1_alpha0p5
rerun_protocol_v1_step_fedogda_s_seed1_alpha0p5,fedogda_s,step,1,0.5,10.0,0.1,0.02582018245042296,0.026275394847309213,118,0.027895218190783517,0.028391166724359318,0.002075035740360557,0.0003277480463514426,0.00033735499354213403,False,193.7879388332367,results/rerun_protocol_v1/step/fedogda_s/seed_1/rerun_protocol_v1_step_fedogda_s_seed1_alpha0p5
rerun_protocol_v1_step_fedgda_s_seed2_alpha0p5,fedgda_s,step,2,0.5,10.0,0.03,0.028233344246919444,0.028639580672589676,341,0.03015045816192462,0.030501320158263172,0.0019171139150051773,0.00024114683716930656,0.00023565968904757365,False,181.75751304626465,results/rerun_protocol_v1/step/fedgda_s/seed_2/rerun_protocol_v1_step_fedgda_s_seed2_alpha0p5
rerun_protocol_v1_step_fedogda_s_seed2_alpha0p5,fedogda_s,step,2,0.5,10.0,0.1,0.032275574152071364,0.032898593690411884,423,0.03379466742402731,0.03482205125673002,0.001519093271955943,0.0005087737950813208,0.00054255702260277,False,196.09724855422974,results/rerun_protocol_v1/step/fedogda_s/seed_2/rerun_protocol_v1_step_fedogda_s_seed2_alpha0p5
rerun_protocol_v1_step_fedgda_s_seed0_alpha1p0,fedgda_s,step,0,1.0,10.0,0.03,0.028039862643424413,0.02846987321520255,466,0.029269548946161284,0.029632832198242733,0.001229686302736871,0.0009319032500979497,0.000914629243134401,False,178.4482126235962,results/rerun_protocol_v1/step/fedgda_s/seed_0/rerun_protocol_v1_step_fedgda_s_seed0_alpha1p0
rerun_protocol_v1_step_fedogda_s_seed0_alpha1p0,fedogda_s,step,0,1.0,10.0,0.1,0.030406173687401998,0.03099247519075487,469,0.03089715455165438,0.0313896517846175,0.0004909808642523834,0.0001314159319038263,0.00012116100669505303,False,194.20360589027405,results/rerun_protocol_v1/step/fedogda_s/seed_0/rerun_protocol_v1_step_fedogda_s_seed0_alpha1p0
rerun_protocol_v1_step_fedgda_s_seed1_alpha1p0,fedgda_s,step,1,1.0,10.0,0.03,0.02459563278599036,0.024930481480437517,452,0.039699331278778505,0.040949814212533756,0.015103698492788146,0.0058712234078417405,0.00591690323081857,False,181.46776247024536,results/rerun_protocol_v1/step/fedgda_s/seed_1/rerun_protocol_v1_step_fedgda_s_seed1_alpha1p0
rerun_protocol_v1_step_fedogda_s_seed1_alpha1p0,fedogda_s,step,1,1.0,10.0,0.1,0.024847618000472943,0.025195464127275868,115,0.028592469424762647,0.029076856100392644,0.0037448514242897045,0.00020374813793160905,0.00023065988312654287,False,193.47080063819885,results/rerun_protocol_v1/step/fedogda_s/seed_1/rerun_protocol_v1_step_fedogda_s_seed1_alpha1p0
rerun_protocol_v1_step_fedgda_s_seed2_alpha1p0,fedgda_s,step,2,1.0,10.0,0.03,0.028003270650883046,0.028364487861014483,463,0.02961782532215492,0.030141683911365305,0.0016145546712718756,0.0010189229967370417,0.0009795182708355202,False,179.2021074295044,results/rerun_protocol_v1/step/fedgda_s/seed_2/rerun_protocol_v1_step_fedgda_s_seed2_alpha1p0
rerun_protocol_v1_step_fedogda_s_seed2_alpha1p0,fedogda_s,step,2,1.0,10.0,0.1,0.031111491877231414,0.03180386448039119,498,0.031124856722735364,0.03181422173630795,1.3364845503949924e-05,6.360524727902285e-05,5.9024649688780363e-05,False,192.04123210906982,results/rerun_protocol_v1/step/fedogda_s/seed_2/rerun_protocol_v1_step_fedogda_s_seed2_alpha1p0
