source,dataset,function,alpha,seed,fedgda_best_validation_mse,fedogda_best_validation_mse,fedgda_test_mse_at_best_validation,fedogda_test_mse_at_best_validation,absolute_gap,relative_gap_pct,winner,fedgda_final_test_mse,fedogda_final_test_mse,fedgda_curve_mse_best,fedogda_curve_mse_best,curve_mse_gap,fedgda_last50_test_mse_mean,fedogda_last50_test_mse_mean,config_match_status,caveat,fedgda_result_dir,fedogda_result_dir
baseline_sweep,abs,Absolute,0.1,0,0.011358883924811965,0.010568154014230648,0.011610337454556403,0.010798260512891303,-0.0008120769416651002,-6.99443013472796,FedOGDA-D,0.011610337454556403,0.010798260512891303,0.011610337454556406,0.010798260512891296,-0.0008120769416651106,,,fully_paired_base_protocol,legacy run: per-round Test MSE not logged,results/rerun_protocol_v1/abs/fedgda_d/seed_0/rerun_protocol_v1_abs_fedgda_d_seed0_alpha0p1,results/rerun_protocol_v1/abs/fedogda_d/seed_0/rerun_protocol_v1_abs_fedogda_d_seed0_alpha0p1
baseline_sweep,abs,Absolute,0.1,1,0.006561244554507419,0.006610643879574764,0.006737937555359588,0.006787216707284158,4.927915192457031e-05,0.7313684865685937,FedGDA-D,0.008085882610451234,0.00839069639860278,0.006737937555359601,0.006787216707284171,4.927915192457031e-05,,,fully_paired_base_protocol,legacy run: per-round Test MSE not logged,results/rerun_protocol_v1/abs/fedgda_d/seed_1/rerun_protocol_v1_abs_fedgda_d_seed1_alpha0p1,results/rerun_protocol_v1/abs/fedogda_d/seed_1/rerun_protocol_v1_abs_fedogda_d_seed1_alpha0p1
baseline_sweep,abs,Absolute,0.1,2,0.03633861398573548,0.03440180386071982,0.03729636915667341,0.0353013954127931,-0.0019949737438803156,-5.348975755521651,FedOGDA-D,0.03729636915667341,0.0353013954127931,0.03729636915667336,0.03530139541279282,-0.0019949737438805376,,,fully_paired_base_protocol,legacy run: per-round Test MSE not logged,results/rerun_protocol_v1/abs/fedgda_d/seed_2/rerun_protocol_v1_abs_fedgda_d_seed2_alpha0p1,results/rerun_protocol_v1/abs/fedogda_d/seed_2/rerun_protocol_v1_abs_fedogda_d_seed2_alpha0p1
baseline_sweep,abs,Absolute,0.5,0,0.010107855202000735,0.008921359420980341,0.010333927256165375,0.009118816325809744,-0.0012151109303556312,-11.758462201586314,FedOGDA-D,0.010333927256165375,0.009118816325809744,0.010333927256165373,0.009118816325809744,-0.0012151109303556295,,,fully_paired_base_protocol,legacy run: per-round Test MSE not logged,results/rerun_protocol_v1/abs/fedgda_d/seed_0/rerun_protocol_v1_abs_fedgda_d_seed0_alpha0p5,results/rerun_protocol_v1/abs/fedogda_d/seed_0/rerun_protocol_v1_abs_fedogda_d_seed0_alpha0p5
baseline_sweep,abs,Absolute,0.5,1,0.00661780596877693,0.006696059556379062,0.0067967435180782115,0.00687671717652571,7.997365844749846e-05,1.1766467019798788,FedGDA-D,0.00858508674382863,0.009072021715167732,0.006796743518078249,0.0068767171765257516,7.99736584475028e-05,,,fully_paired_base_protocol,legacy run: per-round Test MSE not logged,results/rerun_protocol_v1/abs/fedgda_d/seed_1/rerun_protocol_v1_abs_fedgda_d_seed1_alpha0p5,results/rerun_protocol_v1/abs/fedogda_d/seed_1/rerun_protocol_v1_abs_fedogda_d_seed1_alpha0p5
baseline_sweep,abs,Absolute,0.5,2,0.035202733981553054,0.03291920524511993,0.03612385692391461,0.03377255557952796,-0.0023513013443866443,-6.508998608147079,FedOGDA-D,0.03612385692391461,0.03377255557952796,0.03612385692391453,0.03377255557952787,-0.002351301344386658,,,fully_paired_base_protocol,legacy run: per-round Test MSE not logged,results/rerun_protocol_v1/abs/fedgda_d/seed_2/rerun_protocol_v1_abs_fedgda_d_seed2_alpha0p5,results/rerun_protocol_v1/abs/fedogda_d/seed_2/rerun_protocol_v1_abs_fedogda_d_seed2_alpha0p5
baseline_sweep,abs,Absolute,1.0,0,0.009493161013161739,0.008261736846270643,0.00968776560216092,0.008426857583396532,-0.0012609080187643874,-13.015467864779197,FedOGDA-D,0.00968776560216092,0.008426857583396532,0.009687765602160949,0.008426857583396534,-0.0012609080187644152,,,fully_paired_base_protocol,legacy run: per-round Test MSE not logged,results/rerun_protocol_v1/abs/fedgda_d/seed_0/rerun_protocol_v1_abs_fedgda_d_seed0_alpha1p0,results/rerun_protocol_v1/abs/fedogda_d/seed_0/rerun_protocol_v1_abs_fedogda_d_seed0_alpha1p0
baseline_sweep,abs,Absolute,1.0,1,0.006813603530052323,0.006879913543146258,0.0069985737178872316,0.007064816588672376,6.624287078514472e-05,0.9465195832093413,FedGDA-D,0.009515526939583439,0.010036402749602586,0.006998573717887232,0.007064816588672348,6.624287078511523e-05,,,fully_paired_base_protocol,legacy run: per-round Test MSE not logged,results/rerun_protocol_v1/abs/fedgda_d/seed_1/rerun_protocol_v1_abs_fedgda_d_seed1_alpha1p0,results/rerun_protocol_v1/abs/fedogda_d/seed_1/rerun_protocol_v1_abs_fedogda_d_seed1_alpha1p0
baseline_sweep,abs,Absolute,1.0,2,0.035563918059069104,0.03303472107134794,0.03648782059317654,0.03387986801465489,-0.002607952578521651,-7.147460539228136,FedOGDA-D,0.03648782059317654,0.03387986801465489,0.03648782059317671,0.033879868014654854,-0.002607952578521859,,,fully_paired_base_protocol,legacy run: per-round Test MSE not logged,results/rerun_protocol_v1/abs/fedgda_d/seed_2/rerun_protocol_v1_abs_fedgda_d_seed2_alpha1p0,results/rerun_protocol_v1/abs/fedogda_d/seed_2/rerun_protocol_v1_abs_fedogda_d_seed2_alpha1p0
baseline_sweep,step,Step,0.1,0,0.030322443227099417,0.02921026609151715,0.03086680409656931,0.029737169081041237,-0.0011296350155280722,-3.659708377951657,FedOGDA-D,0.03086680409656931,0.029737169081041237,0.030866804096569007,0.029737169081041185,-0.0011296350155278224,,,fully_paired_base_protocol,legacy run: per-round Test MSE not logged,results/rerun_protocol_v1/step/fedgda_d/seed_0/rerun_protocol_v1_step_fedgda_d_seed0_alpha0p1,results/rerun_protocol_v1/step/fedogda_d/seed_0/rerun_protocol_v1_step_fedogda_d_seed0_alpha0p1
baseline_sweep,step,Step,0.1,1,0.02582644307823007,0.025220696416826668,0.026199452397859823,0.02558361362937985,-0.0006158387684799746,-2.350578779769768,FedOGDA-D,0.029118501856528745,0.02840525154144172,0.026199452397859688,0.025583613629379793,-0.0006158387684798948,,,fully_paired_base_protocol,legacy run: per-round Test MSE not logged,results/rerun_protocol_v1/step/fedgda_d/seed_1/rerun_protocol_v1_step_fedgda_d_seed1_alpha0p1,results/rerun_protocol_v1/step/fedogda_d/seed_1/rerun_protocol_v1_step_fedogda_d_seed1_alpha0p1
baseline_sweep,step,Step,0.1,2,0.03159464000232325,0.031533961758296154,0.03229769040604756,0.03224387724789442,-5.381315815314314e-05,-0.1666161186035362,FedOGDA-D,0.03229769040604756,0.03232231897141619,0.03229769040604744,0.0322438772478944,-5.381315815304599e-05,,,fully_paired_base_protocol,legacy run: per-round Test MSE not logged,results/rerun_protocol_v1/step/fedgda_d/seed_2/rerun_protocol_v1_step_fedgda_d_seed2_alpha0p1,results/rerun_protocol_v1/step/fedogda_d/seed_2/rerun_protocol_v1_step_fedogda_d_seed2_alpha0p1
baseline_sweep,step,Step,0.5,0,0.03019594602590297,0.029224452733499794,0.030735466788692038,0.02975014439663422,-0.000985322392057817,-3.2058156098033606,FedOGDA-D,0.030735466788692038,0.02975014439663422,0.03073546678869229,0.02975014439663431,-0.0009853223920579801,,,fully_paired_base_protocol,legacy run: per-round Test MSE not logged,results/rerun_protocol_v1/step/fedgda_d/seed_0/rerun_protocol_v1_step_fedgda_d_seed0_alpha0p5,results/rerun_protocol_v1/step/fedogda_d/seed_0/rerun_protocol_v1_step_fedogda_d_seed0_alpha0p5
baseline_sweep,step,Step,0.5,1,0.025806636385407148,0.02521540527508708,0.02619811262844118,0.025570447363979242,-0.0006276652644619379,-2.395841537762275,FedOGDA-D,0.028531229939726944,0.028168889941582013,0.026198112628441312,0.02557044736397931,-0.0006276652644620004,,,fully_paired_base_protocol,legacy run: per-round Test MSE not logged,results/rerun_protocol_v1/step/fedgda_d/seed_1/rerun_protocol_v1_step_fedgda_d_seed1_alpha0p5,results/rerun_protocol_v1/step/fedogda_d/seed_1/rerun_protocol_v1_step_fedogda_d_seed1_alpha0p5
baseline_sweep,step,Step,0.5,2,0.031536431513596606,0.0315027731897732,0.032242884169416,0.03221464618447051,-2.823798494549362e-05,-0.0875789671827149,FedOGDA-D,0.03227600418539401,0.03238856784996857,0.03224288416941603,0.03221464618447056,-2.8237984945465866e-05,,,fully_paired_base_protocol,legacy run: per-round Test MSE not logged,results/rerun_protocol_v1/step/fedgda_d/seed_2/rerun_protocol_v1_step_fedgda_d_seed2_alpha0p5,results/rerun_protocol_v1/step/fedogda_d/seed_2/rerun_protocol_v1_step_fedogda_d_seed2_alpha0p5
baseline_sweep,step,Step,1.0,0,0.03015867273811927,0.029161007420156936,0.030703307633754083,0.029694188483456414,-0.0010091191502976694,-3.2866789543817134,FedOGDA-D,0.030703307633754083,0.029694188483456414,0.03070330763375415,0.029694188483456525,-0.0010091191502976243,,,fully_paired_base_protocol,legacy run: per-round Test MSE not logged,results/rerun_protocol_v1/step/fedgda_d/seed_0/rerun_protocol_v1_step_fedgda_d_seed0_alpha1p0,results/rerun_protocol_v1/step/fedogda_d/seed_0/rerun_protocol_v1_step_fedogda_d_seed0_alpha1p0
baseline_sweep,step,Step,1.0,1,0.02574641952375027,0.025188124652050156,0.026134598836368095,0.025550007682638518,-0.0005845911537295766,-2.2368476263583497,FedOGDA-D,0.028654730933773517,0.028302376852343495,0.026134598836368168,0.025550007682638282,-0.0005845911537298853,,,fully_paired_base_protocol,legacy run: per-round Test MSE not logged,results/rerun_protocol_v1/step/fedgda_d/seed_1/rerun_protocol_v1_step_fedgda_d_seed1_alpha1p0,results/rerun_protocol_v1/step/fedogda_d/seed_1/rerun_protocol_v1_step_fedogda_d_seed1_alpha1p0
baseline_sweep,step,Step,1.0,2,0.031484098732015256,0.03146384318880461,0.03218819372109492,0.03217508500770567,-1.3108713389248239e-05,-0.040725222119740404,FedOGDA-D,0.032239682349521355,0.03237664686496598,0.03218819372109493,0.032175085007705835,-1.3108713389095583e-05,,,fully_paired_base_protocol,legacy run: per-round Test MSE not logged,results/rerun_protocol_v1/step/fedgda_d/seed_2/rerun_protocol_v1_step_fedgda_d_seed2_alpha1p0,results/rerun_protocol_v1/step/fedogda_d/seed_2/rerun_protocol_v1_step_fedogda_d_seed2_alpha1p0
baseline_sweep,linear,Linear,0.1,0,0.0004173573645041929,0.00043575152354468846,0.00041994293246091114,0.00043707439684143045,1.7131464380519318e-05,4.079474389562191,FedGDA-D,0.0010586869489791098,0.000615866917273714,0.000419942932460914,0.0004370743968414306,1.7131464380516607e-05,,,fully_paired_base_protocol,legacy run: per-round Test MSE not logged,results/rerun_protocol_v1/linear/fedgda_d/seed_0/rerun_protocol_v1_linear_fedgda_d_seed0_alpha0p1,results/rerun_protocol_v1/linear/fedogda_d/seed_0/rerun_protocol_v1_linear_fedogda_d_seed0_alpha0p1
baseline_sweep,linear,Linear,0.1,1,0.00145816799297845,0.0007650735102023903,0.0014605749687742857,0.000768078060238619,-0.0006924969085356666,-47.412623339479104,FedOGDA-D,0.0016355022140316392,0.0016200587173734178,0.0014605749687742883,0.0007680780602386166,-0.0006924969085356717,,,fully_paired_base_protocol,legacy run: per-round Test MSE not logged,results/rerun_protocol_v1/linear/fedgda_d/seed_1/rerun_protocol_v1_linear_fedgda_d_seed1_alpha0p1,results/rerun_protocol_v1/linear/fedogda_d/seed_1/rerun_protocol_v1_linear_fedogda_d_seed1_alpha0p1
baseline_sweep,linear,Linear,0.1,2,0.01085957272302225,0.007433101248853471,0.010981465111730988,0.007580085655972026,-0.003401379455758962,-30.97382199143379,FedOGDA-D,0.012019133074431322,0.007580085655972026,0.010981465111731016,0.007580085655972029,-0.0034013794557589874,,,fully_paired_base_protocol,legacy run: per-round Test MSE not logged,results/rerun_protocol_v1/linear/fedgda_d/seed_2/rerun_protocol_v1_linear_fedgda_d_seed2_alpha0p1,results/rerun_protocol_v1/linear/fedogda_d/seed_2/rerun_protocol_v1_linear_fedogda_d_seed2_alpha0p1
baseline_sweep,linear,Linear,0.5,0,0.00041743596119569207,0.00043518279693349705,0.0004200587930385307,0.0004363229007720893,1.626410773355861e-05,3.8718646063592232,FedGDA-D,0.0012155682081471978,0.0006168476630115673,0.0004200587930385307,0.00043632290077208946,1.6264107733558774e-05,,,fully_paired_base_protocol,legacy run: per-round Test MSE not logged,results/rerun_protocol_v1/linear/fedgda_d/seed_0/rerun_protocol_v1_linear_fedgda_d_seed0_alpha0p5,results/rerun_protocol_v1/linear/fedogda_d/seed_0/rerun_protocol_v1_linear_fedogda_d_seed0_alpha0p5
baseline_sweep,linear,Linear,0.5,1,0.001349059493881742,0.0007714526017872178,0.0013492627216256184,0.0007745383435478757,-0.0005747243780777427,-42.595438891641756,FedOGDA-D,0.003059352890417647,0.001234528405039161,0.0013492627216256203,0.000774538343547879,-0.0005747243780777413,,,fully_paired_base_protocol,legacy run: per-round Test MSE not logged,results/rerun_protocol_v1/linear/fedgda_d/seed_1/rerun_protocol_v1_linear_fedgda_d_seed1_alpha0p5,results/rerun_protocol_v1/linear/fedogda_d/seed_1/rerun_protocol_v1_linear_fedogda_d_seed1_alpha0p5
baseline_sweep,linear,Linear,0.5,2,0.010600353296383216,0.007182463340149253,0.010929807539069166,0.007310137847492932,-0.0036196696915762336,-33.11741472699804,FedOGDA-D,0.010929807539069166,0.007310137847492932,0.010929807539069138,0.007310137847492888,-0.00361966969157625,,,fully_paired_base_protocol,legacy run: per-round Test MSE not logged,results/rerun_protocol_v1/linear/fedgda_d/seed_2/rerun_protocol_v1_linear_fedgda_d_seed2_alpha0p5,results/rerun_protocol_v1/linear/fedogda_d/seed_2/rerun_protocol_v1_linear_fedogda_d_seed2_alpha0p5
baseline_sweep,linear,Linear,1.0,0,0.00042038321843818424,0.0004411363103029833,0.0004227994945007816,0.00044219568327667194,1.9396188775890348e-05,4.58756195978718,FedGDA-D,0.001183338273380372,0.0005809579606677632,0.0004227994945007813,0.0004421956832766735,1.939618877589219e-05,,,fully_paired_base_protocol,legacy run: per-round Test MSE not logged,results/rerun_protocol_v1/linear/fedgda_d/seed_0/rerun_protocol_v1_linear_fedgda_d_seed0_alpha1p0,results/rerun_protocol_v1/linear/fedogda_d/seed_0/rerun_protocol_v1_linear_fedogda_d_seed0_alpha1p0
baseline_sweep,linear,Linear,1.0,1,0.0012464535657295119,0.0007656886480202661,0.0012460202309047964,0.000768839938839923,-0.0004771802920648734,-38.29635187531179,FedOGDA-D,0.003546846774105434,0.0011839151730021404,0.001246020230904796,0.0007688399388399181,-0.0004771802920648778,,,fully_paired_base_protocol,legacy run: per-round Test MSE not logged,results/rerun_protocol_v1/linear/fedgda_d/seed_1/rerun_protocol_v1_linear_fedgda_d_seed1_alpha1p0,results/rerun_protocol_v1/linear/fedogda_d/seed_1/rerun_protocol_v1_linear_fedogda_d_seed1_alpha1p0
baseline_sweep,linear,Linear,1.0,2,0.010481929218808205,0.007114183177274453,0.010804873823933555,0.007237106288113536,-0.003567767535820019,-33.01998333305071,FedOGDA-D,0.010804873823933555,0.007237106288113536,0.010804873823933567,0.007237106288113553,-0.0035677675358200137,,,fully_paired_base_protocol,legacy run: per-round Test MSE not logged,results/rerun_protocol_v1/linear/fedgda_d/seed_2/rerun_protocol_v1_linear_fedgda_d_seed2_alpha1p0,results/rerun_protocol_v1/linear/fedogda_d/seed_2/rerun_protocol_v1_linear_fedogda_d_seed2_alpha1p0
baseline_sweep,sin,Sine,0.1,0,0.08738817487127391,0.087306127358294,0.09000987619326388,0.08992452977277386,-8.534642049001784e-05,-0.09481895109684081,FedOGDA-D,0.09000987619326388,0.08992452977277386,0.09000987619326391,0.08992452977277396,-8.534642048994845e-05,,,fully_paired_base_protocol,legacy run: per-round Test MSE not logged,results/rerun_protocol_v1/sin/fedgda_d/seed_0/rerun_protocol_v1_sin_fedgda_d_seed0_alpha0p1,results/rerun_protocol_v1/sin/fedogda_d/seed_0/rerun_protocol_v1_sin_fedogda_d_seed0_alpha0p1
baseline_sweep,sin,Sine,0.1,1,0.07927617270840466,0.0792182448861643,0.08109314924971982,0.08121494249418329,0.00012179324446347228,0.15018931388201462,FedGDA-D,0.08696955744806288,0.08620707692500745,0.08109314924972025,0.08121494249418368,0.00012179324446343065,,,fully_paired_base_protocol,legacy run: per-round Test MSE not logged,results/rerun_protocol_v1/sin/fedgda_d/seed_1/rerun_protocol_v1_sin_fedgda_d_seed1_alpha0p1,results/rerun_protocol_v1/sin/fedogda_d/seed_1/rerun_protocol_v1_sin_fedogda_d_seed1_alpha0p1
baseline_sweep,sin,Sine,0.1,2,0.08437238996634831,0.08447835016454014,0.087358804884214,0.0874952918880233,0.0001364870038092908,0.15623726078921485,FedGDA-D,0.08746168456330232,0.08778571162322724,0.08735880488421431,0.08749529188802305,0.00013648700380873569,,,fully_paired_base_protocol,legacy run: per-round Test MSE not logged,results/rerun_protocol_v1/sin/fedgda_d/seed_2/rerun_protocol_v1_sin_fedgda_d_seed2_alpha0p1,results/rerun_protocol_v1/sin/fedogda_d/seed_2/rerun_protocol_v1_sin_fedogda_d_seed2_alpha0p1
baseline_sweep,sin,Sine,0.5,0,0.08753152663301575,0.08755181865759408,0.0901691072308283,0.09017894773973445,9.840508906150403e-06,0.010913392855226129,FedGDA-D,0.0901691072308283,0.09017894773973445,0.09016910723082851,0.09017894773973455,9.84050890603938e-06,,,fully_paired_base_protocol,legacy run: per-round Test MSE not logged,results/rerun_protocol_v1/sin/fedgda_d/seed_0/rerun_protocol_v1_sin_fedgda_d_seed0_alpha0p5,results/rerun_protocol_v1/sin/fedogda_d/seed_0/rerun_protocol_v1_sin_fedogda_d_seed0_alpha0p5
baseline_sweep,sin,Sine,0.5,1,0.07925861112569858,0.07918327423663558,0.0810968603571106,0.0811763438678972,7.948351078659877e-05,0.09801058935770456,FedGDA-D,0.08616272021452176,0.08589379965248956,0.08109686035711006,0.08117634386789764,7.948351078758409e-05,,,fully_paired_base_protocol,legacy run: per-round Test MSE not logged,results/rerun_protocol_v1/sin/fedgda_d/seed_1/rerun_protocol_v1_sin_fedgda_d_seed1_alpha0p5,results/rerun_protocol_v1/sin/fedogda_d/seed_1/rerun_protocol_v1_sin_fedogda_d_seed1_alpha0p5
baseline_sweep,sin,Sine,0.5,2,0.08433093460931113,0.08444139496145704,0.087322463559006,0.0874631918214393,0.00014072826243330394,0.16115929017303812,FedGDA-D,0.08749743162672868,0.08788789721000381,0.08732246355900612,0.08746319182143955,0.00014072826243342884,,,fully_paired_base_protocol,legacy run: per-round Test MSE not logged,results/rerun_protocol_v1/sin/fedgda_d/seed_2/rerun_protocol_v1_sin_fedgda_d_seed2_alpha0p5,results/rerun_protocol_v1/sin/fedogda_d/seed_2/rerun_protocol_v1_sin_fedogda_d_seed2_alpha0p5
baseline_sweep,sin,Sine,1.0,0,0.08740836518316018,0.08735097949341533,0.09006007294607915,0.08999488680650702,-6.518613957212649e-05,-0.07238073148259029,FedOGDA-D,0.09006007294607915,0.08999488680650702,0.09006007294607926,0.0899948868065071,-6.518613957216812e-05,,,fully_paired_base_protocol,legacy run: per-round Test MSE not logged,results/rerun_protocol_v1/sin/fedgda_d/seed_0/rerun_protocol_v1_sin_fedgda_d_seed0_alpha1p0,results/rerun_protocol_v1/sin/fedogda_d/seed_0/rerun_protocol_v1_sin_fedogda_d_seed0_alpha1p0
baseline_sweep,sin,Sine,1.0,1,0.07923183043221657,0.07912375086577668,0.08103072747004482,0.08107782502352026,4.709755347544198e-05,0.0581230786714248,FedGDA-D,0.08621352376094123,0.0859740048615439,0.08103072747004508,0.08107782502352001,4.70975534749285e-05,,,fully_paired_base_protocol,legacy run: per-round Test MSE not logged,results/rerun_protocol_v1/sin/fedgda_d/seed_1/rerun_protocol_v1_sin_fedgda_d_seed1_alpha1p0,results/rerun_protocol_v1/sin/fedogda_d/seed_1/rerun_protocol_v1_sin_fedogda_d_seed1_alpha1p0
baseline_sweep,sin,Sine,1.0,2,0.08424701756484515,0.08437636300308396,0.08722978830393281,0.08739504062255427,0.0001652523186214533,0.1894448236486237,FedGDA-D,0.08741161200313015,0.08783426388665472,0.0872297883039324,0.08739504062255382,0.00016525231862142553,,,fully_paired_base_protocol,legacy run: per-round Test MSE not logged,results/rerun_protocol_v1/sin/fedgda_d/seed_2/rerun_protocol_v1_sin_fedgda_d_seed2_alpha1p0,results/rerun_protocol_v1/sin/fedogda_d/seed_2/rerun_protocol_v1_sin_fedogda_d_seed2_alpha1p0
tuned_sine_a2_lite,sin,Sine,1.0,0,,,0.0900600729460791,0.0832102193262539,-0.0068498536198251,-7.605871720675077,FedOGDA-D,0.0900600729460791,0.0832102193262539,0.0900600729460792,0.0832102193262545,-0.006849853619824708,,0.0839005143926665,paired_tuned_fedogda_vs_existing_fedgda_same_alpha_seed_T_R_client_policy,tuned FedOGDA-D selected by validation only; reported separately from original sweep,results/rerun_protocol_v1/sin/fedgda_d/seed_0/rerun_protocol_v1_sin_fedgda_d_seed0_alpha1p0,experiments/sine_fedogda_tuning/a2_lite_locked_recipe_summary.json
tuned_sine_a2_lite,sin,Sine,1.0,1,,,0.0810307274700448,0.0746463115113123,-0.0063844159587324,-7.879006098140539,FedOGDA-D,0.0862135237609412,0.0746463115113123,0.081030727470045,0.0746463115113124,-0.006384415958732598,,0.0757993172156607,paired_tuned_fedogda_vs_existing_fedgda_same_alpha_seed_T_R_client_policy,tuned FedOGDA-D selected by validation only; reported separately from original sweep,results/rerun_protocol_v1/sin/fedgda_d/seed_1/rerun_protocol_v1_sin_fedgda_d_seed1_alpha1p0,experiments/sine_fedogda_tuning/a2_lite_locked_recipe_summary.json
tuned_sine_a2_lite,sin,Sine,1.0,2,,,0.0872297883039328,0.0821780728845633,-0.0050517154193694,-5.791273276702045,FedOGDA-D,0.0874116120031301,0.0821780728845633,0.0872297883039324,0.0821780728845637,-0.005051715419368691,,0.0825377907295859,paired_tuned_fedogda_vs_existing_fedgda_same_alpha_seed_T_R_client_policy,tuned FedOGDA-D selected by validation only; reported separately from original sweep,results/rerun_protocol_v1/sin/fedgda_d/seed_2/rerun_protocol_v1_sin_fedgda_d_seed2_alpha1p0,experiments/sine_fedogda_tuning/a2_lite_locked_recipe_summary.json
