dataset,function,alpha,seed,source,fedgda_test_mse_at_best_validation,fedogda_test_mse_at_best_validation,gap,relative_gap_pct,winner,config_match_status,fedgda_result_dir,fedogda_result_dir
abs,Absolute,0.1,0,baseline_sweep,0.011610337454556403,0.010798260512891303,-0.0008120769416651002,-6.99443013472796,FedOGDA-D,fully_paired_basic_config_match,results/rerun_protocol_v1/abs/fedgda_d/seed_0/rerun_protocol_v1_abs_fedgda_d_seed0_alpha0p1,results/rerun_protocol_v1/abs/fedogda_d/seed_0/rerun_protocol_v1_abs_fedogda_d_seed0_alpha0p1
abs,Absolute,0.1,1,baseline_sweep,0.006737937555359588,0.006787216707284158,4.927915192457031e-05,0.7313684865685937,FedGDA-D,fully_paired_basic_config_match,results/rerun_protocol_v1/abs/fedgda_d/seed_1/rerun_protocol_v1_abs_fedgda_d_seed1_alpha0p1,results/rerun_protocol_v1/abs/fedogda_d/seed_1/rerun_protocol_v1_abs_fedogda_d_seed1_alpha0p1
abs,Absolute,0.1,2,baseline_sweep,0.03729636915667341,0.0353013954127931,-0.0019949737438803156,-5.348975755521651,FedOGDA-D,fully_paired_basic_config_match,results/rerun_protocol_v1/abs/fedgda_d/seed_2/rerun_protocol_v1_abs_fedgda_d_seed2_alpha0p1,results/rerun_protocol_v1/abs/fedogda_d/seed_2/rerun_protocol_v1_abs_fedogda_d_seed2_alpha0p1
abs,Absolute,0.5,0,baseline_sweep,0.010333927256165375,0.009118816325809744,-0.0012151109303556312,-11.758462201586314,FedOGDA-D,fully_paired_basic_config_match,results/rerun_protocol_v1/abs/fedgda_d/seed_0/rerun_protocol_v1_abs_fedgda_d_seed0_alpha0p5,results/rerun_protocol_v1/abs/fedogda_d/seed_0/rerun_protocol_v1_abs_fedogda_d_seed0_alpha0p5
abs,Absolute,0.5,1,baseline_sweep,0.0067967435180782115,0.00687671717652571,7.997365844749846e-05,1.1766467019798788,FedGDA-D,fully_paired_basic_config_match,results/rerun_protocol_v1/abs/fedgda_d/seed_1/rerun_protocol_v1_abs_fedgda_d_seed1_alpha0p5,results/rerun_protocol_v1/abs/fedogda_d/seed_1/rerun_protocol_v1_abs_fedogda_d_seed1_alpha0p5
abs,Absolute,0.5,2,baseline_sweep,0.03612385692391461,0.03377255557952796,-0.0023513013443866443,-6.508998608147079,FedOGDA-D,fully_paired_basic_config_match,results/rerun_protocol_v1/abs/fedgda_d/seed_2/rerun_protocol_v1_abs_fedgda_d_seed2_alpha0p5,results/rerun_protocol_v1/abs/fedogda_d/seed_2/rerun_protocol_v1_abs_fedogda_d_seed2_alpha0p5
abs,Absolute,1.0,0,baseline_sweep,0.00968776560216092,0.008426857583396532,-0.0012609080187643874,-13.015467864779197,FedOGDA-D,fully_paired_basic_config_match,results/rerun_protocol_v1/abs/fedgda_d/seed_0/rerun_protocol_v1_abs_fedgda_d_seed0_alpha1p0,results/rerun_protocol_v1/abs/fedogda_d/seed_0/rerun_protocol_v1_abs_fedogda_d_seed0_alpha1p0
abs,Absolute,1.0,1,baseline_sweep,0.0069985737178872316,0.007064816588672376,6.624287078514472e-05,0.9465195832093413,FedGDA-D,fully_paired_basic_config_match,results/rerun_protocol_v1/abs/fedgda_d/seed_1/rerun_protocol_v1_abs_fedgda_d_seed1_alpha1p0,results/rerun_protocol_v1/abs/fedogda_d/seed_1/rerun_protocol_v1_abs_fedogda_d_seed1_alpha1p0
abs,Absolute,1.0,2,baseline_sweep,0.03648782059317654,0.03387986801465489,-0.002607952578521651,-7.147460539228136,FedOGDA-D,fully_paired_basic_config_match,results/rerun_protocol_v1/abs/fedgda_d/seed_2/rerun_protocol_v1_abs_fedgda_d_seed2_alpha1p0,results/rerun_protocol_v1/abs/fedogda_d/seed_2/rerun_protocol_v1_abs_fedogda_d_seed2_alpha1p0
linear,Linear,0.1,0,baseline_sweep,0.00041994293246091114,0.00043707439684143045,1.7131464380519318e-05,4.079474389562191,FedGDA-D,fully_paired_basic_config_match,results/rerun_protocol_v1/linear/fedgda_d/seed_0/rerun_protocol_v1_linear_fedgda_d_seed0_alpha0p1,results/rerun_protocol_v1/linear/fedogda_d/seed_0/rerun_protocol_v1_linear_fedogda_d_seed0_alpha0p1
linear,Linear,0.1,1,baseline_sweep,0.0014605749687742857,0.000768078060238619,-0.0006924969085356666,-47.412623339479104,FedOGDA-D,fully_paired_basic_config_match,results/rerun_protocol_v1/linear/fedgda_d/seed_1/rerun_protocol_v1_linear_fedgda_d_seed1_alpha0p1,results/rerun_protocol_v1/linear/fedogda_d/seed_1/rerun_protocol_v1_linear_fedogda_d_seed1_alpha0p1
linear,Linear,0.1,2,baseline_sweep,0.010981465111730988,0.007580085655972026,-0.003401379455758962,-30.97382199143379,FedOGDA-D,fully_paired_basic_config_match,results/rerun_protocol_v1/linear/fedgda_d/seed_2/rerun_protocol_v1_linear_fedgda_d_seed2_alpha0p1,results/rerun_protocol_v1/linear/fedogda_d/seed_2/rerun_protocol_v1_linear_fedogda_d_seed2_alpha0p1
linear,Linear,0.5,0,baseline_sweep,0.0004200587930385307,0.0004363229007720893,1.626410773355861e-05,3.8718646063592232,FedGDA-D,fully_paired_basic_config_match,results/rerun_protocol_v1/linear/fedgda_d/seed_0/rerun_protocol_v1_linear_fedgda_d_seed0_alpha0p5,results/rerun_protocol_v1/linear/fedogda_d/seed_0/rerun_protocol_v1_linear_fedogda_d_seed0_alpha0p5
linear,Linear,0.5,1,baseline_sweep,0.0013492627216256184,0.0007745383435478757,-0.0005747243780777427,-42.595438891641756,FedOGDA-D,fully_paired_basic_config_match,results/rerun_protocol_v1/linear/fedgda_d/seed_1/rerun_protocol_v1_linear_fedgda_d_seed1_alpha0p5,results/rerun_protocol_v1/linear/fedogda_d/seed_1/rerun_protocol_v1_linear_fedogda_d_seed1_alpha0p5
linear,Linear,0.5,2,baseline_sweep,0.010929807539069166,0.007310137847492932,-0.0036196696915762336,-33.11741472699804,FedOGDA-D,fully_paired_basic_config_match,results/rerun_protocol_v1/linear/fedgda_d/seed_2/rerun_protocol_v1_linear_fedgda_d_seed2_alpha0p5,results/rerun_protocol_v1/linear/fedogda_d/seed_2/rerun_protocol_v1_linear_fedogda_d_seed2_alpha0p5
linear,Linear,1.0,0,baseline_sweep,0.0004227994945007816,0.00044219568327667194,1.9396188775890348e-05,4.58756195978718,FedGDA-D,fully_paired_basic_config_match,results/rerun_protocol_v1/linear/fedgda_d/seed_0/rerun_protocol_v1_linear_fedgda_d_seed0_alpha1p0,results/rerun_protocol_v1/linear/fedogda_d/seed_0/rerun_protocol_v1_linear_fedogda_d_seed0_alpha1p0
linear,Linear,1.0,1,baseline_sweep,0.0012460202309047964,0.000768839938839923,-0.0004771802920648734,-38.29635187531179,FedOGDA-D,fully_paired_basic_config_match,results/rerun_protocol_v1/linear/fedgda_d/seed_1/rerun_protocol_v1_linear_fedgda_d_seed1_alpha1p0,results/rerun_protocol_v1/linear/fedogda_d/seed_1/rerun_protocol_v1_linear_fedogda_d_seed1_alpha1p0
linear,Linear,1.0,2,baseline_sweep,0.010804873823933555,0.007237106288113536,-0.003567767535820019,-33.01998333305071,FedOGDA-D,fully_paired_basic_config_match,results/rerun_protocol_v1/linear/fedgda_d/seed_2/rerun_protocol_v1_linear_fedgda_d_seed2_alpha1p0,results/rerun_protocol_v1/linear/fedogda_d/seed_2/rerun_protocol_v1_linear_fedogda_d_seed2_alpha1p0
sin,Sine,0.1,0,baseline_sweep,0.09000987619326388,0.08992452977277386,-8.534642049001784e-05,-0.09481895109684081,FedOGDA-D,fully_paired_basic_config_match,results/rerun_protocol_v1/sin/fedgda_d/seed_0/rerun_protocol_v1_sin_fedgda_d_seed0_alpha0p1,results/rerun_protocol_v1/sin/fedogda_d/seed_0/rerun_protocol_v1_sin_fedogda_d_seed0_alpha0p1
sin,Sine,0.1,1,baseline_sweep,0.08109314924971982,0.08121494249418329,0.00012179324446347228,0.15018931388201462,FedGDA-D,fully_paired_basic_config_match,results/rerun_protocol_v1/sin/fedgda_d/seed_1/rerun_protocol_v1_sin_fedgda_d_seed1_alpha0p1,results/rerun_protocol_v1/sin/fedogda_d/seed_1/rerun_protocol_v1_sin_fedogda_d_seed1_alpha0p1
sin,Sine,0.1,2,baseline_sweep,0.087358804884214,0.0874952918880233,0.0001364870038092908,0.15623726078921485,FedGDA-D,fully_paired_basic_config_match,results/rerun_protocol_v1/sin/fedgda_d/seed_2/rerun_protocol_v1_sin_fedgda_d_seed2_alpha0p1,results/rerun_protocol_v1/sin/fedogda_d/seed_2/rerun_protocol_v1_sin_fedogda_d_seed2_alpha0p1
sin,Sine,0.5,0,baseline_sweep,0.0901691072308283,0.09017894773973445,9.840508906150403e-06,0.010913392855226129,FedGDA-D,fully_paired_basic_config_match,results/rerun_protocol_v1/sin/fedgda_d/seed_0/rerun_protocol_v1_sin_fedgda_d_seed0_alpha0p5,results/rerun_protocol_v1/sin/fedogda_d/seed_0/rerun_protocol_v1_sin_fedogda_d_seed0_alpha0p5
sin,Sine,0.5,1,baseline_sweep,0.0810968603571106,0.0811763438678972,7.948351078659877e-05,0.09801058935770456,FedGDA-D,fully_paired_basic_config_match,results/rerun_protocol_v1/sin/fedgda_d/seed_1/rerun_protocol_v1_sin_fedgda_d_seed1_alpha0p5,results/rerun_protocol_v1/sin/fedogda_d/seed_1/rerun_protocol_v1_sin_fedogda_d_seed1_alpha0p5
sin,Sine,0.5,2,baseline_sweep,0.087322463559006,0.0874631918214393,0.00014072826243330394,0.16115929017303812,FedGDA-D,fully_paired_basic_config_match,results/rerun_protocol_v1/sin/fedgda_d/seed_2/rerun_protocol_v1_sin_fedgda_d_seed2_alpha0p5,results/rerun_protocol_v1/sin/fedogda_d/seed_2/rerun_protocol_v1_sin_fedogda_d_seed2_alpha0p5
sin,Sine,1.0,0,baseline_sweep,0.09006007294607915,0.08999488680650702,-6.518613957212649e-05,-0.07238073148259029,FedOGDA-D,fully_paired_basic_config_match,results/rerun_protocol_v1/sin/fedgda_d/seed_0/rerun_protocol_v1_sin_fedgda_d_seed0_alpha1p0,results/rerun_protocol_v1/sin/fedogda_d/seed_0/rerun_protocol_v1_sin_fedogda_d_seed0_alpha1p0
sin,Sine,1.0,1,baseline_sweep,0.08103072747004482,0.08107782502352026,4.709755347544198e-05,0.0581230786714248,FedGDA-D,fully_paired_basic_config_match,results/rerun_protocol_v1/sin/fedgda_d/seed_1/rerun_protocol_v1_sin_fedgda_d_seed1_alpha1p0,results/rerun_protocol_v1/sin/fedogda_d/seed_1/rerun_protocol_v1_sin_fedogda_d_seed1_alpha1p0
sin,Sine,1.0,2,baseline_sweep,0.08722978830393281,0.08739504062255427,0.0001652523186214533,0.1894448236486237,FedGDA-D,fully_paired_basic_config_match,results/rerun_protocol_v1/sin/fedgda_d/seed_2/rerun_protocol_v1_sin_fedgda_d_seed2_alpha1p0,results/rerun_protocol_v1/sin/fedogda_d/seed_2/rerun_protocol_v1_sin_fedogda_d_seed2_alpha1p0
step,Step,0.1,0,baseline_sweep,0.03086680409656931,0.029737169081041237,-0.0011296350155280722,-3.659708377951657,FedOGDA-D,fully_paired_basic_config_match,results/rerun_protocol_v1/step/fedgda_d/seed_0/rerun_protocol_v1_step_fedgda_d_seed0_alpha0p1,results/rerun_protocol_v1/step/fedogda_d/seed_0/rerun_protocol_v1_step_fedogda_d_seed0_alpha0p1
step,Step,0.1,1,baseline_sweep,0.026199452397859823,0.02558361362937985,-0.0006158387684799746,-2.350578779769768,FedOGDA-D,fully_paired_basic_config_match,results/rerun_protocol_v1/step/fedgda_d/seed_1/rerun_protocol_v1_step_fedgda_d_seed1_alpha0p1,results/rerun_protocol_v1/step/fedogda_d/seed_1/rerun_protocol_v1_step_fedogda_d_seed1_alpha0p1
step,Step,0.1,2,baseline_sweep,0.03229769040604756,0.03224387724789442,-5.381315815314314e-05,-0.1666161186035362,FedOGDA-D,fully_paired_basic_config_match,results/rerun_protocol_v1/step/fedgda_d/seed_2/rerun_protocol_v1_step_fedgda_d_seed2_alpha0p1,results/rerun_protocol_v1/step/fedogda_d/seed_2/rerun_protocol_v1_step_fedogda_d_seed2_alpha0p1
step,Step,0.5,0,baseline_sweep,0.030735466788692038,0.02975014439663422,-0.000985322392057817,-3.2058156098033606,FedOGDA-D,fully_paired_basic_config_match,results/rerun_protocol_v1/step/fedgda_d/seed_0/rerun_protocol_v1_step_fedgda_d_seed0_alpha0p5,results/rerun_protocol_v1/step/fedogda_d/seed_0/rerun_protocol_v1_step_fedogda_d_seed0_alpha0p5
step,Step,0.5,1,baseline_sweep,0.02619811262844118,0.025570447363979242,-0.0006276652644619379,-2.395841537762275,FedOGDA-D,fully_paired_basic_config_match,results/rerun_protocol_v1/step/fedgda_d/seed_1/rerun_protocol_v1_step_fedgda_d_seed1_alpha0p5,results/rerun_protocol_v1/step/fedogda_d/seed_1/rerun_protocol_v1_step_fedogda_d_seed1_alpha0p5
step,Step,0.5,2,baseline_sweep,0.032242884169416,0.03221464618447051,-2.823798494549362e-05,-0.0875789671827149,FedOGDA-D,fully_paired_basic_config_match,results/rerun_protocol_v1/step/fedgda_d/seed_2/rerun_protocol_v1_step_fedgda_d_seed2_alpha0p5,results/rerun_protocol_v1/step/fedogda_d/seed_2/rerun_protocol_v1_step_fedogda_d_seed2_alpha0p5
step,Step,1.0,0,baseline_sweep,0.030703307633754083,0.029694188483456414,-0.0010091191502976694,-3.2866789543817134,FedOGDA-D,fully_paired_basic_config_match,results/rerun_protocol_v1/step/fedgda_d/seed_0/rerun_protocol_v1_step_fedgda_d_seed0_alpha1p0,results/rerun_protocol_v1/step/fedogda_d/seed_0/rerun_protocol_v1_step_fedogda_d_seed0_alpha1p0
step,Step,1.0,1,baseline_sweep,0.026134598836368095,0.025550007682638518,-0.0005845911537295766,-2.2368476263583497,FedOGDA-D,fully_paired_basic_config_match,results/rerun_protocol_v1/step/fedgda_d/seed_1/rerun_protocol_v1_step_fedgda_d_seed1_alpha1p0,results/rerun_protocol_v1/step/fedogda_d/seed_1/rerun_protocol_v1_step_fedogda_d_seed1_alpha1p0
step,Step,1.0,2,baseline_sweep,0.03218819372109492,0.03217508500770567,-1.3108713389248239e-05,-0.040725222119740404,FedOGDA-D,fully_paired_basic_config_match,results/rerun_protocol_v1/step/fedgda_d/seed_2/rerun_protocol_v1_step_fedgda_d_seed2_alpha1p0,results/rerun_protocol_v1/step/fedogda_d/seed_2/rerun_protocol_v1_step_fedogda_d_seed2_alpha1p0
sin,Sine,1.0,0,tuned_sine_a2_lite,0.09006007294607915,0.08321021932625397,-0.00684985361982518,-7.605871720675077,FedOGDA-D,fully_paired_a2_lite_audited,,
sin,Sine,1.0,1,tuned_sine_a2_lite,0.08103072747004482,0.07464631151131235,-0.006384415958732473,-7.879006098140539,FedOGDA-D,fully_paired_a2_lite_audited,,
sin,Sine,1.0,2,tuned_sine_a2_lite,0.08722978830393281,0.08217807288456339,-0.005051715419369426,-5.791273276702045,FedOGDA-D,fully_paired_a2_lite_audited,,
