source,dataset,stage,method,run_id,seed,learning_rate,critic_multiplier,objective_lambda_1,server_learning_rate,weight_decay,epochs,comm_round,best_validation_mse,last_50_val_mse_std,final_vs_best_validation_gap,test_mse_at_best_validation,best_validation_round,final_validation_mse,final_test_mse,curve_mse,curve_mae,curve_max_abs_error,curve_corr,amp_ratio,pred_min,pred_max,diverged,runtime_seconds,result_dir
fedogda_s_sine_fast_v4,sin,stage_b_server_lr_probe,fedogda_s,v4_stage_b_server_lr_probe_sin_fedogda_s_seed0_alpha1_T500_R3_batch256_glr0p01_cm7_lam0p005_slr1p75,0,0.01,7.0,0.005,1.75,0.0,3,500,0.02414401739584406,0.019568461668749204,0.014012119660916363,0.024666163260017866,491,0.03815613705676042,0.03813494418827653,0.024666163260017852,0.1096338834083658,0.5635846221757408,0.8840689051465425,0.7722694860136853,-0.36719382103844556,0.35152088670116854,False,136.52402782440186,results/curve_fitting_tuning/fedogda_s_sine_fast_v4/sin/fedogda_s/seed_0/v4_stage_b_server_lr_probe_sin_fedogda_s_seed0_alpha1_T500_R3_batch256_glr0p01_cm7_lam0p005_slr1p75
fedogda_s_sine_fast_v4,sin,stage_a_boundary_probe,fedogda_s,v4_stage_a_boundary_probe_sin_fedogda_s_seed0_alpha1_T500_R3_batch256_glr0p0125_cm6_lam0p005_slr1p5,0,0.0125,6.0,0.005,1.5,0.0,3,500,0.026143789761673492,0.022379447533611024,0.00906259078282855,0.02656495428725603,491,0.03520638054450204,0.035359765240877666,0.026564954287255967,0.11881579308412367,0.5788356464421746,0.8844586136904998,0.7147093703540317,-0.3446669573401558,0.3204792714513555,False,140.16879224777222,results/curve_fitting_tuning/fedogda_s_sine_fast_v4/sin/fedogda_s/seed_0/v4_stage_a_boundary_probe_sin_fedogda_s_seed0_alpha1_T500_R3_batch256_glr0p0125_cm6_lam0p005_slr1p5
fedogda_s_sine_fast_v4,sin,stage_b_server_lr_probe,fedogda_s,v4_stage_b_server_lr_probe_sin_fedogda_s_seed0_alpha1_T500_R3_batch256_glr0p01_cm7_lam0p005_slr2,0,0.01,7.0,0.005,2.0,0.0,3,500,0.026888005585644918,0.034439468734095334,0.021273126396986263,0.027427559343620088,465,0.04816113198263118,0.04822650829057524,0.02742755934362006,0.13048468134615226,0.5049264964879667,0.9056912343662858,0.663513402648626,-0.26293400298324054,0.3545665585467452,False,146.14912748336792,results/curve_fitting_tuning/fedogda_s_sine_fast_v4/sin/fedogda_s/seed_0/v4_stage_b_server_lr_probe_sin_fedogda_s_seed0_alpha1_T500_R3_batch256_glr0p01_cm7_lam0p005_slr2
fedogda_s_sine_fast_v4,sin,stage_a_boundary_probe,fedogda_s,v4_stage_a_boundary_probe_sin_fedogda_s_seed0_alpha1_T500_R3_batch256_glr0p0125_cm9_lam0p005_slr1p5,0,0.0125,9.0,0.005,1.5,0.0,3,500,0.027194193170164728,0.023051520143046508,0.016614230618956345,0.02776030856497672,498,0.04380842378912107,0.04408877123429447,0.02776030856497673,0.13310877258631,0.5091174843070758,0.9052940217156025,0.6439339767178884,-0.2754588566189644,0.3238200586588087,False,139.3876621723175,results/curve_fitting_tuning/fedogda_s_sine_fast_v4/sin/fedogda_s/seed_0/v4_stage_a_boundary_probe_sin_fedogda_s_seed0_alpha1_T500_R3_batch256_glr0p0125_cm9_lam0p005_slr1p5
fedogda_s_sine_fast_v4,sin,stage_b_server_lr_probe,fedogda_s,v4_stage_b_server_lr_probe_sin_fedogda_s_seed0_alpha1_T500_R3_batch256_glr0p0125_cm6_lam0p005_slr1p75,0,0.0125,6.0,0.005,1.75,0.0,3,500,0.02737397832850194,0.038317295468393714,0.02262133025746959,0.02843607093255231,476,0.04999530858597153,0.050099807001520676,0.02843607093255242,0.11766307162560051,0.63899225419711,0.8806056812774605,0.7235151351608231,-0.2922734529875809,0.3810678848871666,False,136.75318336486816,results/curve_fitting_tuning/fedogda_s_sine_fast_v4/sin/fedogda_s/seed_0/v4_stage_b_server_lr_probe_sin_fedogda_s_seed0_alpha1_T500_R3_batch256_glr0p0125_cm6_lam0p005_slr1p75
fedogda_s_sine_fast_v4,sin,stage_a_boundary_probe,fedogda_s,v4_stage_a_boundary_probe_sin_fedogda_s_seed0_alpha1_T500_R3_batch256_glr0p01_cm7_lam0p005_slr1p5,0,0.01,7.0,0.005,1.5,0.0,3,500,0.027898494004091747,0.022956124563014806,-3.469446951953614e-18,0.028351515844986876,499,0.027898494004091744,0.028351515844986876,0.028351515844986717,0.13656000489738826,0.46727182851738647,0.9225754503780986,0.6323744481043905,-0.26850699157739155,0.3200140168045099,False,143.2965235710144,results/curve_fitting_tuning/fedogda_s_sine_fast_v4/sin/fedogda_s/seed_0/v4_stage_a_boundary_probe_sin_fedogda_s_seed0_alpha1_T500_R3_batch256_glr0p01_cm7_lam0p005_slr1p5
fedogda_s_sine_fast_v4,sin,stage_a_boundary_probe,fedogda_s,v4_stage_a_boundary_probe_sin_fedogda_s_seed0_alpha1_T500_R3_batch256_glr0p015_cm5_lam0p005_slr1p5,0,0.015,5.0,0.005,1.5,0.0,3,500,0.02884578540389431,0.04826112576790242,0.029402768791988058,0.02988655232997791,476,0.05824855419588237,0.05849257645299696,0.029886552329977906,0.12620849875891796,0.6391624090193304,0.8773773420883989,0.7095482962114299,-0.2721463023178165,0.3881967587178775,False,137.64061069488525,results/curve_fitting_tuning/fedogda_s_sine_fast_v4/sin/fedogda_s/seed_0/v4_stage_a_boundary_probe_sin_fedogda_s_seed0_alpha1_T500_R3_batch256_glr0p015_cm5_lam0p005_slr1p5
fedogda_s_sine_fast_v4,sin,stage_a_boundary_probe,fedogda_s,v4_stage_a_boundary_probe_sin_fedogda_s_seed0_alpha1_T500_R3_batch256_glr0p0125_cm7_lam0p005_slr1p5,0,0.0125,7.0,0.005,1.5,0.0,3,500,0.028993667668020088,0.01870368756267296,0.009146962754569669,0.029620472714532248,465,0.03814063042258976,0.038517185546661864,0.029620472714532217,0.13041867463207335,0.5370175387951509,0.8789873137068251,0.6360791249848292,-0.2848843029413006,0.3070844731041118,False,138.6346595287323,results/curve_fitting_tuning/fedogda_s_sine_fast_v4/sin/fedogda_s/seed_0/v4_stage_a_boundary_probe_sin_fedogda_s_seed0_alpha1_T500_R3_batch256_glr0p0125_cm7_lam0p005_slr1p5
fedogda_s_sine_fast_v4,sin,stage_a_boundary_probe,fedogda_s,v4_stage_a_boundary_probe_sin_fedogda_s_seed0_alpha1_T500_R3_batch256_glr0p0125_cm8_lam0p005_slr1p5,0,0.0125,8.0,0.005,1.5,0.0,3,500,0.029047808564068998,0.021178933068633044,0.01379704748247856,0.0297277655649711,473,0.04284485604654756,0.04302420571044346,0.029727765564971104,0.13109331641546657,0.5565431755408037,0.8747274125275168,0.6868810382503914,-0.3677182203946532,0.2715294950709096,False,140.84029865264893,results/curve_fitting_tuning/fedogda_s_sine_fast_v4/sin/fedogda_s/seed_0/v4_stage_a_boundary_probe_sin_fedogda_s_seed0_alpha1_T500_R3_batch256_glr0p0125_cm8_lam0p005_slr1p5
fedogda_s_sine_fast_v4,sin,stage_a_boundary_probe,fedogda_s,v4_stage_a_boundary_probe_sin_fedogda_s_seed0_alpha1_T500_R3_batch256_glr0p015_cm5_lam0p01_slr1p5,0,0.015,5.0,0.01,1.5,0.0,3,500,0.02957936062063758,0.02662902883969311,0.011152428203528037,0.030278676317855586,485,0.040731788824165616,0.0410676906421145,0.030278676317855503,0.13285677027759493,0.574611545007817,0.8674801310062157,0.7008822613281759,-0.3688350588858224,0.2834429331018517,False,136.42147850990295,results/curve_fitting_tuning/fedogda_s_sine_fast_v4/sin/fedogda_s/seed_0/v4_stage_a_boundary_probe_sin_fedogda_s_seed0_alpha1_T500_R3_batch256_glr0p015_cm5_lam0p01_slr1p5
fedogda_s_focused_v3,sin,screen_sine,fedogda_s,v3_screen_sine_sin_fedogda_s_seed0_alpha1_T500_R3_batch256_glr0p01_cm8_lam0p01_slr1p5,0,0.01,8.0,0.01,1.5,0.0,3,500,0.02964276923734608,0.014826421076260385,0.0038704173806597963,0.030104425463267824,495,0.033513186618005876,0.03418753893398325,0.030104425463267973,0.13467988046524487,0.5470127718821899,0.8871291513677626,0.619372813277974,-0.2832630744788565,0.2931579269189033,False,197.9031081199646,results/curve_fitting_tuning/fedogda_s_focused_v3/sin/fedogda_s/seed_0/v3_screen_sine_sin_fedogda_s_seed0_alpha1_T500_R3_batch256_glr0p01_cm8_lam0p01_slr1p5
fedogda_s_sine_fast_v4,sin,stage_a_boundary_probe,fedogda_s,v4_stage_a_boundary_probe_sin_fedogda_s_seed0_alpha1_T500_R3_batch256_glr0p01_cm9_lam0p01_slr1p5,0,0.01,9.0,0.01,1.5,0.0,3,500,0.029652430897947273,0.01601153522348797,0.006839459202098337,0.03032444988885381,495,0.03649189010004561,0.037304770213734455,0.030324449888854032,0.13336136519683936,0.5498656874458328,0.8730151785803697,0.6351717994419201,-0.2842552059066594,0.30686916514256096,False,141.72033405303955,results/curve_fitting_tuning/fedogda_s_sine_fast_v4/sin/fedogda_s/seed_0/v4_stage_a_boundary_probe_sin_fedogda_s_seed0_alpha1_T500_R3_batch256_glr0p01_cm9_lam0p01_slr1p5
fedogda_s_sine_fast_v4,sin,stage_a_boundary_probe,fedogda_s,v4_stage_a_boundary_probe_sin_fedogda_s_seed0_alpha1_T500_R3_batch256_glr0p01_cm9_lam0p005_slr1p5,0,0.01,9.0,0.005,1.5,0.0,3,500,0.030036504835607325,0.013313853867960137,0.004411986613960715,0.03101167217052903,481,0.03444849144956804,0.0349817973476301,0.031011672170529185,0.12618639057633455,0.6305352637670785,0.8525349491701659,0.674545168008796,-0.32221132390942764,0.3055559802023648,False,135.8879804611206,results/curve_fitting_tuning/fedogda_s_sine_fast_v4/sin/fedogda_s/seed_0/v4_stage_a_boundary_probe_sin_fedogda_s_seed0_alpha1_T500_R3_batch256_glr0p01_cm9_lam0p005_slr1p5
fedogda_s_sine_fast_v4,sin,stage_b_server_lr_probe,fedogda_s,v4_stage_b_server_lr_probe_sin_fedogda_s_seed0_alpha1_T500_R3_batch256_glr0p0125_cm9_lam0p005_slr2,0,0.0125,9.0,0.005,2.0,0.0,3,500,0.030428583798052317,0.02309454151235715,0.04021060374400243,0.031387931588910345,496,0.07063918754205474,0.07053609997286492,0.03138793158891026,0.13272937230760062,0.6282632575592771,0.8668728605835074,0.6637341594893287,-0.27207451377812913,0.3456314957089761,False,143.53118228912354,results/curve_fitting_tuning/fedogda_s_sine_fast_v4/sin/fedogda_s/seed_0/v4_stage_b_server_lr_probe_sin_fedogda_s_seed0_alpha1_T500_R3_batch256_glr0p0125_cm9_lam0p005_slr2
fedogda_s_sine_fast_v4,sin,stage_a_boundary_probe,fedogda_s,v4_stage_a_boundary_probe_sin_fedogda_s_seed0_alpha1_T500_R3_batch256_glr0p015_cm9_lam0p005_slr1p5,0,0.015,9.0,0.005,1.5,0.0,3,500,0.030490175561304636,0.026312567360305864,0.01750277975017174,0.031375732989891394,498,0.047992955311476376,0.048998227898343794,0.03137573298989147,0.13781295924565765,0.6030276236491083,0.8725616666306126,0.6218576411112205,-0.2731505428350891,0.3055829703766145,False,143.61307859420776,results/curve_fitting_tuning/fedogda_s_sine_fast_v4/sin/fedogda_s/seed_0/v4_stage_a_boundary_probe_sin_fedogda_s_seed0_alpha1_T500_R3_batch256_glr0p015_cm9_lam0p005_slr1p5
fedogda_s_sine_fast_v4,sin,stage_a_boundary_probe,fedogda_s,v4_stage_a_boundary_probe_sin_fedogda_s_seed0_alpha1_T500_R3_batch256_glr0p015_cm8_lam0p01_slr1p5,0,0.015,8.0,0.01,1.5,0.0,3,500,0.030801027974494962,0.020343847394955636,0.01925770270969721,0.03179832407723766,493,0.05005873068419217,0.05096617233928468,0.03179832407723758,0.12732328937290405,0.6428365867571187,0.8475252852447113,0.6751490511566876,-0.3208043869002464,0.3075249227135193,False,140.23832035064697,results/curve_fitting_tuning/fedogda_s_sine_fast_v4/sin/fedogda_s/seed_0/v4_stage_a_boundary_probe_sin_fedogda_s_seed0_alpha1_T500_R3_batch256_glr0p015_cm8_lam0p01_slr1p5
fedogda_s_sine_fast_v4,sin,stage_a_boundary_probe,fedogda_s,v4_stage_a_boundary_probe_sin_fedogda_s_seed0_alpha1_T500_R3_batch256_glr0p0125_cm5_lam0p01_slr1p5,0,0.0125,5.0,0.01,1.5,0.0,3,500,0.030967765785801016,0.019688109444386304,0.004104265501033079,0.03136486632694519,493,0.035072031286834095,0.03560582807401173,0.0313648663269452,0.1349827587942294,0.5964219093134605,0.8812376736261662,0.6354133441425592,-0.3246102596019436,0.26673890568305836,False,135.42879438400269,results/curve_fitting_tuning/fedogda_s_sine_fast_v4/sin/fedogda_s/seed_0/v4_stage_a_boundary_probe_sin_fedogda_s_seed0_alpha1_T500_R3_batch256_glr0p0125_cm5_lam0p01_slr1p5
fedogda_s_sine_fast_v4,sin,stage_b_server_lr_probe,fedogda_s,v4_stage_b_server_lr_probe_sin_fedogda_s_seed0_alpha1_T500_R3_batch256_glr0p0125_cm9_lam0p005_slr1p75,0,0.0125,9.0,0.005,1.75,0.0,3,500,0.031210950614559686,0.01813804413088245,0.02534671354014235,0.032364227104639036,473,0.056557664154702036,0.056294352987409355,0.03236422710463912,0.1343703175835617,0.6623362574235786,0.8651683643071738,0.6436770695015254,-0.284822493440436,0.3142173304343118,False,138.30141472816467,results/curve_fitting_tuning/fedogda_s_sine_fast_v4/sin/fedogda_s/seed_0/v4_stage_b_server_lr_probe_sin_fedogda_s_seed0_alpha1_T500_R3_batch256_glr0p0125_cm9_lam0p005_slr1p75
fedogda_s_sine_fast_v4,sin,stage_b_server_lr_probe,fedogda_s,v4_stage_b_server_lr_probe_sin_fedogda_s_seed0_alpha1_T500_R3_batch256_glr0p0125_cm6_lam0p005_slr2,0,0.0125,6.0,0.005,2.0,0.0,3,500,0.031829756097548685,0.04859530468331498,0.023650051648937617,0.03258772183692142,473,0.0554798077464863,0.0556898315650275,0.032587721836921414,0.12874291391936693,0.6478983768663629,0.8427539375513818,0.668581909603069,-0.3002625093444817,0.32195507203467905,False,140.54898023605347,results/curve_fitting_tuning/fedogda_s_sine_fast_v4/sin/fedogda_s/seed_0/v4_stage_b_server_lr_probe_sin_fedogda_s_seed0_alpha1_T500_R3_batch256_glr0p0125_cm6_lam0p005_slr2
fedogda_s_sine_fast_v4,sin,stage_a_boundary_probe,fedogda_s,v4_stage_a_boundary_probe_sin_fedogda_s_seed0_alpha1_T500_R3_batch256_glr0p015_cm6_lam0p005_slr1p5,0,0.015,6.0,0.005,1.5,0.0,3,500,0.03185257125502713,0.028456405911786067,0.009031826015109358,0.03221717949981962,460,0.040884397270136486,0.041349160577676534,0.032217179499819754,0.13969652088381257,0.5929758336722704,0.8791042387152949,0.5924064538344399,-0.2654600332992645,0.28586465198441086,False,138.10018944740295,results/curve_fitting_tuning/fedogda_s_sine_fast_v4/sin/fedogda_s/seed_0/v4_stage_a_boundary_probe_sin_fedogda_s_seed0_alpha1_T500_R3_batch256_glr0p015_cm6_lam0p005_slr1p5
fedogda_s_sine_fast_v4,sin,stage_a_boundary_probe,fedogda_s,v4_stage_a_boundary_probe_sin_fedogda_s_seed0_alpha1_T500_R3_batch256_glr0p0125_cm5_lam0p005_slr1p5,0,0.0125,5.0,0.005,1.5,0.0,3,500,0.03198026798910886,0.026949074492821214,0.027706418532272667,0.033044301515043485,476,0.059686686521381524,0.05995989594799375,0.03304430151504346,0.12841898021429515,0.6600593844987401,0.8400405665812055,0.6846081166972087,-0.28838846078853536,0.34874395402175623,False,143.27136182785034,results/curve_fitting_tuning/fedogda_s_sine_fast_v4/sin/fedogda_s/seed_0/v4_stage_a_boundary_probe_sin_fedogda_s_seed0_alpha1_T500_R3_batch256_glr0p0125_cm5_lam0p005_slr1p5
fedogda_s_sine_fast_v4,sin,stage_a_boundary_probe,fedogda_s,v4_stage_a_boundary_probe_sin_fedogda_s_seed0_alpha1_T500_R3_batch256_glr0p0125_cm7_lam0p01_slr1p5,0,0.0125,7.0,0.01,1.5,0.0,3,500,0.03218533133590148,0.02148075539861944,0.01349132435438749,0.03314872776955083,498,0.04567665569028897,0.04576422635860783,0.03314872776955087,0.1408396933062978,0.6264067155297088,0.875170884089949,0.6129073087028621,-0.24605526537617095,0.3243485965188008,False,134.61255407333374,results/curve_fitting_tuning/fedogda_s_sine_fast_v4/sin/fedogda_s/seed_0/v4_stage_a_boundary_probe_sin_fedogda_s_seed0_alpha1_T500_R3_batch256_glr0p0125_cm7_lam0p01_slr1p5
fedogda_s_sine_fast_v4,sin,stage_a_boundary_probe,fedogda_s,v4_stage_a_boundary_probe_sin_fedogda_s_seed0_alpha1_T500_R3_batch256_glr0p015_cm7_lam0p005_slr1p5,0,0.015,7.0,0.005,1.5,0.0,3,500,0.032687390073228656,0.021348771477539757,0.0406694572351622,0.03368653340200155,473,0.07335684730839086,0.07305540832394664,0.033686533402001416,0.1458546166320606,0.6218255348869833,0.8602514134998132,0.5950956309660089,-0.2793043905893442,0.27452298474123704,False,141.8299527168274,results/curve_fitting_tuning/fedogda_s_sine_fast_v4/sin/fedogda_s/seed_0/v4_stage_a_boundary_probe_sin_fedogda_s_seed0_alpha1_T500_R3_batch256_glr0p015_cm7_lam0p005_slr1p5
fedogda_s_sine_fast_v4,sin,stage_a_boundary_probe,fedogda_s,v4_stage_a_boundary_probe_sin_fedogda_s_seed0_alpha1_T500_R3_batch256_glr0p015_cm7_lam0p01_slr1p5,0,0.015,7.0,0.01,1.5,0.0,3,500,0.03385821973758979,0.027544870443448978,0.01641858563468549,0.03481983382543373,498,0.05027680537227528,0.05053243414784587,0.03481983382543382,0.14733410321217466,0.6305734936976991,0.8667095570408614,0.5859656415924729,-0.23811561928776742,0.3072149064804443,False,135.23819041252136,results/curve_fitting_tuning/fedogda_s_sine_fast_v4/sin/fedogda_s/seed_0/v4_stage_a_boundary_probe_sin_fedogda_s_seed0_alpha1_T500_R3_batch256_glr0p015_cm7_lam0p01_slr1p5
fedogda_s_focused_v3,sin,screen_sine,fedogda_s,v3_screen_sine_sin_fedogda_s_seed0_alpha1_T500_R3_batch256_glr0p01_cm6_lam0p01_slr1p5,0,0.01,6.0,0.01,1.5,0.0,3,500,0.03392531324644497,0.014914240578724888,-6.938893903907228e-18,0.03468893256937443,499,0.03392531324644496,0.03468893256937443,0.03468893256937452,0.14791019830015845,0.565401993433074,0.8965550146896769,0.5648047871188312,-0.24351296080566365,0.28212415791490214,False,201.33918070793152,results/curve_fitting_tuning/fedogda_s_focused_v3/sin/fedogda_s/seed_0/v3_screen_sine_sin_fedogda_s_seed0_alpha1_T500_R3_batch256_glr0p01_cm6_lam0p01_slr1p5
fedogda_s_sine_fast_v4,sin,stage_a_boundary_probe,fedogda_s,v4_stage_a_boundary_probe_sin_fedogda_s_seed0_alpha1_T500_R3_batch256_glr0p0125_cm9_lam0p01_slr1p5,0,0.0125,9.0,0.01,1.5,0.0,3,500,0.03395662475506816,0.016096395416994085,0.007256161852296959,0.034564745855622345,498,0.04121278660736512,0.04144160212130064,0.03456474585562238,0.1535990614943961,0.5223560401051982,0.8992565916586996,0.5473813402995203,-0.2361609956102135,0.27326094471039164,False,141.37981152534485,results/curve_fitting_tuning/fedogda_s_sine_fast_v4/sin/fedogda_s/seed_0/v4_stage_a_boundary_probe_sin_fedogda_s_seed0_alpha1_T500_R3_batch256_glr0p0125_cm9_lam0p01_slr1p5
fedogda_s_sine_fast_v4,sin,stage_a_boundary_probe,fedogda_s,v4_stage_a_boundary_probe_sin_fedogda_s_seed0_alpha1_T500_R3_batch256_glr0p0125_cm8_lam0p01_slr1p5,0,0.0125,8.0,0.01,1.5,0.0,3,500,0.03513832151551886,0.02135069752910882,0.010032405812540203,0.03597130419768999,498,0.04517072732805906,0.045301072552788035,0.03597130419769011,0.15122150969956505,0.5987595025484989,0.8733375867271845,0.5630922275208722,-0.2174336696362178,0.3066096508141519,False,139.98256063461304,results/curve_fitting_tuning/fedogda_s_sine_fast_v4/sin/fedogda_s/seed_0/v4_stage_a_boundary_probe_sin_fedogda_s_seed0_alpha1_T500_R3_batch256_glr0p0125_cm8_lam0p01_slr1p5
fedogda_s_focused_v3,sin,screen_sine,fedogda_s,v3_screen_sine_sin_fedogda_s_seed0_alpha1_T500_R3_batch256_glr0p01_cm10_lam0p01_slr1p5,0,0.01,10.0,0.01,1.5,0.0,3,500,0.035324320044913586,0.010646848239256023,0.012208207833603879,0.03601255915931201,498,0.047532527878517465,0.04820145053387502,0.03601255915931201,0.1547421962334436,0.5469364413128411,0.8845499781772672,0.5360730412348784,-0.24733135249319332,0.25156648839778323,False,200.07791781425476,results/curve_fitting_tuning/fedogda_s_focused_v3/sin/fedogda_s/seed_0/v3_screen_sine_sin_fedogda_s_seed0_alpha1_T500_R3_batch256_glr0p01_cm10_lam0p01_slr1p5
fedogda_s_sine_fast_v4,sin,stage_a_boundary_probe,fedogda_s,v4_stage_a_boundary_probe_sin_fedogda_s_seed0_alpha1_T500_R3_batch256_glr0p015_cm6_lam0p01_slr1p5,0,0.015,6.0,0.01,1.5,0.0,3,500,0.03538450011246268,0.02658490699460806,0.012666563981137281,0.03571852524771607,479,0.04805106409359996,0.04881347462730964,0.03571852524771609,0.16058784283210456,0.3844759501050301,0.9367530936012678,0.5323547404709442,-0.2591738819999386,0.23626351212311833,False,141.7597532272339,results/curve_fitting_tuning/fedogda_s_sine_fast_v4/sin/fedogda_s/seed_0/v4_stage_a_boundary_probe_sin_fedogda_s_seed0_alpha1_T500_R3_batch256_glr0p015_cm6_lam0p01_slr1p5
fedogda_s_sine_fast_v4,sin,stage_a_boundary_probe,fedogda_s,v4_stage_a_boundary_probe_sin_fedogda_s_seed0_alpha1_T500_R3_batch256_glr0p015_cm9_lam0p01_slr1p5,0,0.015,9.0,0.01,1.5,0.0,3,500,0.035632375112211616,0.021111449727534665,0.010885656592680572,0.03651075817731542,498,0.04651803170489219,0.04732479854732594,0.036510758177315375,0.1507530946422912,0.61675310902066,0.8465524791009645,0.5581423718332671,-0.2462490853232779,0.2731876384036686,False,140.212744474411,results/curve_fitting_tuning/fedogda_s_sine_fast_v4/sin/fedogda_s/seed_0/v4_stage_a_boundary_probe_sin_fedogda_s_seed0_alpha1_T500_R3_batch256_glr0p015_cm9_lam0p01_slr1p5
fedogda_s_sine_fast_v4,sin,stage_a_boundary_probe,fedogda_s,v4_stage_a_boundary_probe_sin_fedogda_s_seed0_alpha1_T500_R3_batch256_glr0p01_cm7_lam0p01_slr1p5,0,0.01,7.0,0.01,1.5,0.0,3,500,0.035987338069190036,0.013140155849726831,0.0031196245891174437,0.03665169164245087,478,0.03910696265830748,0.0400011610212351,0.036651691642450995,0.15223926208419578,0.5745050980813102,0.8617102512893715,0.538200104659137,-0.2578560473975458,0.2430213508823945,False,136.71602272987366,results/curve_fitting_tuning/fedogda_s_sine_fast_v4/sin/fedogda_s/seed_0/v4_stage_a_boundary_probe_sin_fedogda_s_seed0_alpha1_T500_R3_batch256_glr0p01_cm7_lam0p01_slr1p5
fedogda_s_sine_fast_v4,sin,stage_a_boundary_probe,fedogda_s,v4_stage_a_boundary_probe_sin_fedogda_s_seed0_alpha1_T500_R3_batch256_glr0p0125_cm6_lam0p01_slr1p5,0,0.0125,6.0,0.01,1.5,0.0,3,500,0.036123793278754666,0.014963043897097158,0.014732465188141836,0.03711474583976908,496,0.0508562584668965,0.051227563549725824,0.037114745839769044,0.14703063904677166,0.6350083996124866,0.8332346115253886,0.5590886883241123,-0.2420064510662639,0.278310964689132,False,137.08120894432068,results/curve_fitting_tuning/fedogda_s_sine_fast_v4/sin/fedogda_s/seed_0/v4_stage_a_boundary_probe_sin_fedogda_s_seed0_alpha1_T500_R3_batch256_glr0p0125_cm6_lam0p01_slr1p5
fedogda_s_focused_v3,sin,screen_sine,fedogda_s,v3_screen_sine_sin_fedogda_s_seed0_alpha1_T500_R3_batch256_glr0p0075_cm10_lam0p01_slr1p5,0,0.0075,10.0,0.01,1.5,0.0,3,500,0.03763767006680776,0.009341108445446234,-6.938893903907228e-18,0.038644688685072405,499,0.03763767006680775,0.038644688685072405,0.03864468868507239,0.15421856800825748,0.6348453412448489,0.8405425695818538,0.5300685126556793,-0.22844809125409876,0.26486161870451463,False,200.2111577987671,results/curve_fitting_tuning/fedogda_s_focused_v3/sin/fedogda_s/seed_0/v3_screen_sine_sin_fedogda_s_seed0_alpha1_T500_R3_batch256_glr0p0075_cm10_lam0p01_slr1p5
fedogda_s_focused_v3,sin,screen_sine,fedogda_s,v3_screen_sine_sin_fedogda_s_seed0_alpha1_T500_R3_batch256_glr0p01_cm12_lam0p01_slr1p5,0,0.01,12.0,0.01,1.5,0.0,3,500,0.037777038147739535,0.013971952345082313,0.003280932588531689,0.038638396564813306,498,0.041057970736271224,0.042010997027420366,0.03863839656481317,0.15542606916344065,0.611295050812124,0.8359772038397937,0.5396535768999287,-0.24985133479224056,0.2523787414008728,False,199.42084431648254,results/curve_fitting_tuning/fedogda_s_focused_v3/sin/fedogda_s/seed_0/v3_screen_sine_sin_fedogda_s_seed0_alpha1_T500_R3_batch256_glr0p01_cm12_lam0p01_slr1p5
fedogda_s_focused_v3,sin,screen_sine,fedogda_s,v3_screen_sine_sin_fedogda_s_seed0_alpha1_T500_R3_batch256_glr0p0075_cm8_lam0p01_slr1p5,0,0.0075,8.0,0.01,1.5,0.0,3,500,0.03891437029716553,0.008165732425999803,-6.938893903907228e-18,0.03959194490085951,499,0.038914370297165525,0.03959194490085951,0.03959194490085937,0.1613334029150779,0.5465974269007312,0.8624713112177289,0.4942596424523471,-0.22496911945559053,0.23501496758411133,False,199.1507866382599,results/curve_fitting_tuning/fedogda_s_focused_v3/sin/fedogda_s/seed_0/v3_screen_sine_sin_fedogda_s_seed0_alpha1_T500_R3_batch256_glr0p0075_cm8_lam0p01_slr1p5
fedogda_s_focused_v3,sin,screen_sine,fedogda_s,v3_screen_sine_sin_fedogda_s_seed0_alpha1_T500_R3_batch256_glr0p01_cm10_lam0p03_slr1p5,0,0.01,10.0,0.03,1.5,0.0,3,500,0.03902326306258915,0.016865128968549664,0.00417932402814427,0.04009782301726185,495,0.04320258709073342,0.04430963280733769,0.04009782301726214,0.1600940234189311,0.6728277050530672,0.8232280153784646,0.5346619735047463,-0.23821134896050067,0.25937327789103787,False,208.21081376075745,results/curve_fitting_tuning/fedogda_s_focused_v3/sin/fedogda_s/seed_0/v3_screen_sine_sin_fedogda_s_seed0_alpha1_T500_R3_batch256_glr0p01_cm10_lam0p03_slr1p5
fedogda_s_sine_fast_v4,sin,stage_a_boundary_probe,fedogda_s,v4_stage_a_boundary_probe_sin_fedogda_s_seed0_alpha1_T500_R3_batch256_glr0p015_cm8_lam0p005_slr1p5,0,0.015,8.0,0.005,1.5,0.0,3,500,0.039892323995968204,0.027335860924992943,0.017312520291742226,0.04031144153297375,495,0.05720484428771043,0.058324685303752746,0.0403114415329737,0.1676303272425194,0.5163404447564403,0.8913397915787603,0.49785182319921756,-0.20727565525005187,0.25605150461900833,False,141.73525047302246,results/curve_fitting_tuning/fedogda_s_sine_fast_v4/sin/fedogda_s/seed_0/v4_stage_a_boundary_probe_sin_fedogda_s_seed0_alpha1_T500_R3_batch256_glr0p015_cm8_lam0p005_slr1p5
fedogda_s_focused_v3,sin,screen_sine,fedogda_s,v3_screen_sine_sin_fedogda_s_seed0_alpha1_T500_R3_batch256_glr0p01_cm8_lam0p03_slr1p5,0,0.01,8.0,0.03,1.5,0.0,3,500,0.040250737838111034,0.013557101997203865,0.004129404375501779,0.041135184714727845,495,0.04438014221361281,0.04537736816527066,0.04113518471472782,0.16328872589392884,0.6129094952396399,0.8242909172240159,0.509379916297333,-0.2128546040716605,0.26120120714496864,False,201.28794693946838,results/curve_fitting_tuning/fedogda_s_focused_v3/sin/fedogda_s/seed_0/v3_screen_sine_sin_fedogda_s_seed0_alpha1_T500_R3_batch256_glr0p01_cm8_lam0p03_slr1p5
fedogda_s_focused_v3,sin,screen_sine,fedogda_s,v3_screen_sine_sin_fedogda_s_seed0_alpha1_T500_R3_batch256_glr0p01_cm12_lam0p01_slr1,0,0.01,12.0,0.01,1.0,0.0,3,500,0.04088055512871008,0.007962457159072883,-6.938893903907228e-18,0.04179784567033934,499,0.040880555128710076,0.04179784567033934,0.041797845670339485,0.16455231162815456,0.6120213561708304,0.8194792778068782,0.4957624775084244,-0.2195229543798664,0.24185975021196066,False,208.0517773628235,results/curve_fitting_tuning/fedogda_s_focused_v3/sin/fedogda_s/seed_0/v3_screen_sine_sin_fedogda_s_seed0_alpha1_T500_R3_batch256_glr0p01_cm12_lam0p01_slr1
fedogda_s_focused_v3,sin,screen_sine,fedogda_s,v3_screen_sine_sin_fedogda_s_seed0_alpha1_T500_R3_batch256_glr0p01_cm10_lam0p01_slr1,0,0.01,10.0,0.01,1.0,0.0,3,500,0.041558663922896366,0.006563858623314286,-1.3877787807814457e-17,0.04265840252975346,499,0.04155866392289635,0.04265840252975346,0.04265840252975343,0.164998563183553,0.6581499236095278,0.8286063062828399,0.4810836223181426,-0.20266240823033793,0.24505937966194144,False,208.42961430549622,results/curve_fitting_tuning/fedogda_s_focused_v3/sin/fedogda_s/seed_0/v3_screen_sine_sin_fedogda_s_seed0_alpha1_T500_R3_batch256_glr0p01_cm10_lam0p01_slr1
fedogda_s_focused_v3,sin,screen_sine,fedogda_s,v3_screen_sine_sin_fedogda_s_seed0_alpha1_T500_R3_batch256_glr0p0075_cm12_lam0p01_slr1p5,0,0.0075,12.0,0.01,1.5,0.0,3,500,0.041859184924675295,0.008472811759500598,0.00016841738031379838,0.04274383140160947,495,0.042027602304989094,0.042874221297060665,0.04274383140160929,0.15999555150372036,0.7002512214907646,0.796170410231429,0.5177044613187792,-0.23593698809474178,0.24586608369673796,False,207.72933530807495,results/curve_fitting_tuning/fedogda_s_focused_v3/sin/fedogda_s/seed_0/v3_screen_sine_sin_fedogda_s_seed0_alpha1_T500_R3_batch256_glr0p0075_cm12_lam0p01_slr1p5
fedogda_s_focused_v3,sin,screen_sine,fedogda_s,v3_screen_sine_sin_fedogda_s_seed0_alpha1_T500_R3_batch256_glr0p01_cm6_lam0p03_slr1p5,0,0.01,6.0,0.03,1.5,0.0,3,500,0.04319906205127871,0.011980863791796841,0.0,0.04449183341386249,499,0.04319906205127871,0.04449183341386249,0.044491833413862515,0.16917486137061086,0.7095157844268252,0.8255429130307066,0.4813108587194544,-0.193103635754086,0.25482963031610195,False,206.81573128700256,results/curve_fitting_tuning/fedogda_s_focused_v3/sin/fedogda_s/seed_0/v3_screen_sine_sin_fedogda_s_seed0_alpha1_T500_R3_batch256_glr0p01_cm6_lam0p03_slr1p5
fedogda_s_focused_v3,sin,screen_sine,fedogda_s,v3_screen_sine_sin_fedogda_s_seed0_alpha1_T500_R3_batch256_glr0p01_cm10_lam0p03_slr1,0,0.01,10.0,0.03,1.0,0.0,3,500,0.04324321449577102,0.007811774783409745,0.0,0.044503049797057534,499,0.04324321449577102,0.044503049797057534,0.04450304979705748,0.1700994367288778,0.685436215475207,0.7990824530393881,0.5404175957975992,-0.2385530227880965,0.26438808968016625,False,198.4562952518463,results/curve_fitting_tuning/fedogda_s_focused_v3/sin/fedogda_s/seed_0/v3_screen_sine_sin_fedogda_s_seed0_alpha1_T500_R3_batch256_glr0p01_cm10_lam0p03_slr1
fedogda_s_focused_v3,sin,screen_sine,fedogda_s,v3_screen_sine_sin_fedogda_s_seed0_alpha1_T500_R3_batch256_glr0p0075_cm12_lam0p03_slr1p5,0,0.0075,12.0,0.03,1.5,0.0,3,500,0.043387372521132825,0.008079541647925069,-6.938893903907228e-18,0.04453070764031454,499,0.04338737252113282,0.04453070764031454,0.04453070764031481,0.17159575090756124,0.6779784321698268,0.8189398778516105,0.4689045621058129,-0.1960811564644869,0.24030615575631337,False,207.76206040382385,results/curve_fitting_tuning/fedogda_s_focused_v3/sin/fedogda_s/seed_0/v3_screen_sine_sin_fedogda_s_seed0_alpha1_T500_R3_batch256_glr0p0075_cm12_lam0p03_slr1p5
fedogda_s_focused_v3,sin,screen_sine,fedogda_s,v3_screen_sine_sin_fedogda_s_seed0_alpha1_T500_R3_batch256_glr0p01_cm12_lam0p03_slr1,0,0.01,12.0,0.03,1.0,0.0,3,500,0.04343373393353204,0.007543656800968295,0.0,0.04454747310646454,499,0.04343373393353204,0.04454747310646454,0.044547473106464404,0.16410635116473432,0.6931165170239599,0.7794913905240777,0.546249720274283,-0.2656109845346241,0.24275781051682258,False,209.81146216392517,results/curve_fitting_tuning/fedogda_s_focused_v3/sin/fedogda_s/seed_0/v3_screen_sine_sin_fedogda_s_seed0_alpha1_T500_R3_batch256_glr0p01_cm12_lam0p03_slr1
fedogda_s_focused_v3,sin,screen_sine,fedogda_s,v3_screen_sine_sin_fedogda_s_seed0_alpha1_T500_R3_batch256_glr0p0075_cm8_lam0p03_slr1p5,0,0.0075,8.0,0.03,1.5,0.0,3,500,0.043906745934407056,0.006859878190568267,-6.938893903907228e-18,0.04533040961139175,499,0.04390674593440705,0.04533040961139175,0.04533040961139169,0.16748688816990803,0.7324174711716203,0.7867434971652857,0.5477223842206003,-0.21720498401033134,0.29253434976748605,False,209.28584599494934,results/curve_fitting_tuning/fedogda_s_focused_v3/sin/fedogda_s/seed_0/v3_screen_sine_sin_fedogda_s_seed0_alpha1_T500_R3_batch256_glr0p0075_cm8_lam0p03_slr1p5
fedogda_s_focused_v3,sin,screen_sine,fedogda_s,v3_screen_sine_sin_fedogda_s_seed0_alpha1_T500_R3_batch256_glr0p0075_cm6_lam0p01_slr1p5,0,0.0075,6.0,0.01,1.5,0.0,3,500,0.04405025852111912,0.01238102266810029,0.0022834657133119912,0.044895104398308676,486,0.04633372423443111,0.04680272941677645,0.04489510439830854,0.17318558262951633,0.6303501125499489,0.8097176612932436,0.4548354976718251,-0.19183968122047065,0.23145421773466018,False,207.55825448036194,results/curve_fitting_tuning/fedogda_s_focused_v3/sin/fedogda_s/seed_0/v3_screen_sine_sin_fedogda_s_seed0_alpha1_T500_R3_batch256_glr0p0075_cm6_lam0p01_slr1p5
fedogda_s_focused_v3,sin,screen_sine,fedogda_s,v3_screen_sine_sin_fedogda_s_seed0_alpha1_T500_R3_batch256_glr0p0075_cm6_lam0p03_slr1p5,0,0.0075,6.0,0.03,1.5,0.0,3,500,0.04432917711395873,0.007420647662617788,0.0,0.04527879603672109,499,0.04432917711395873,0.04527879603672109,0.045278796036721324,0.1741311648603036,0.6062317211653658,0.8171483729202401,0.4436838118022202,-0.20968294759512124,0.20323260442835964,False,207.40745401382446,results/curve_fitting_tuning/fedogda_s_focused_v3/sin/fedogda_s/seed_0/v3_screen_sine_sin_fedogda_s_seed0_alpha1_T500_R3_batch256_glr0p0075_cm6_lam0p03_slr1p5
fedogda_s_focused_v3,sin,screen_sine,fedogda_s,v3_screen_sine_sin_fedogda_s_seed0_alpha1_T500_R3_batch256_glr0p01_cm6_lam0p01_slr1,0,0.01,6.0,0.01,1.0,0.0,3,500,0.04522871655720401,0.009412114077278082,0.0,0.046158900971247724,499,0.04522871655720401,0.046158900971247724,0.0461589009712477,0.17250405798324767,0.6614973835101419,0.794260150276389,0.44896958184396973,-0.20876628284118084,0.2090684855174479,False,206.12647104263306,results/curve_fitting_tuning/fedogda_s_focused_v3/sin/fedogda_s/seed_0/v3_screen_sine_sin_fedogda_s_seed0_alpha1_T500_R3_batch256_glr0p01_cm6_lam0p01_slr1
fedogda_s_focused_v3,sin,screen_sine,fedogda_s,v3_screen_sine_sin_fedogda_s_seed0_alpha1_T500_R3_batch256_glr0p01_cm8_lam0p01_slr1,0,0.01,8.0,0.01,1.0,0.0,3,500,0.04564060203661161,0.00700386155299181,6.938893903907228e-18,0.04680794816727593,499,0.04564060203661162,0.04680794816727593,0.0468079481672761,0.17402708065296466,0.6761182181999041,0.7961087185503256,0.43499800103589353,-0.17796114423450407,0.2268709342613286,False,207.13149285316467,results/curve_fitting_tuning/fedogda_s_focused_v3/sin/fedogda_s/seed_0/v3_screen_sine_sin_fedogda_s_seed0_alpha1_T500_R3_batch256_glr0p01_cm8_lam0p01_slr1
fedogda_s_focused_v3,sin,screen_sine,fedogda_s,v3_screen_sine_sin_fedogda_s_seed0_alpha1_T500_R3_batch256_glr0p01_cm12_lam0p03_slr1p5,0,0.01,12.0,0.03,1.5,0.0,3,500,0.04620646346459844,0.016352385037250568,-6.938893903907228e-18,0.047432185529359315,499,0.04620646346459843,0.047432185529359315,0.04743218552935958,0.17668194137512605,0.7149478060971994,0.797064270460007,0.48743713730216826,-0.17366040597915305,0.2799742979969068,False,208.15266585350037,results/curve_fitting_tuning/fedogda_s_focused_v3/sin/fedogda_s/seed_0/v3_screen_sine_sin_fedogda_s_seed0_alpha1_T500_R3_batch256_glr0p01_cm12_lam0p03_slr1p5
fedogda_s_focused_v3,sin,screen_sine,fedogda_s,v3_screen_sine_sin_fedogda_s_seed0_alpha1_T500_R3_batch256_glr0p0075_cm10_lam0p03_slr1p5,0,0.0075,10.0,0.03,1.5,0.0,3,500,0.04663115828511687,0.00799787352109529,0.0008104935908954183,0.047739105044338835,475,0.047441651876012285,0.04867969134986268,0.04773910504433885,0.17656106499504526,0.6607455423797728,0.7817059437685054,0.4548321502723786,-0.22819969553028321,0.19509108815840448,False,200.54354548454285,results/curve_fitting_tuning/fedogda_s_focused_v3/sin/fedogda_s/seed_0/v3_screen_sine_sin_fedogda_s_seed0_alpha1_T500_R3_batch256_glr0p0075_cm10_lam0p03_slr1p5
fedogda_s_focused_v3,sin,screen_sine,fedogda_s,v3_screen_sine_sin_fedogda_s_seed0_alpha1_T500_R3_batch256_glr0p01_cm6_lam0p03_slr1,0,0.01,6.0,0.03,1.0,0.0,3,500,0.04748633169026982,0.006454285855036488,0.0,0.048782616424454396,499,0.04748633169026982,0.048782616424454396,0.048782616424454514,0.17811863988556423,0.7030669867974517,0.7720075709417948,0.489685776871539,-0.19471007979104474,0.2610173267456902,False,207.6877884864807,results/curve_fitting_tuning/fedogda_s_focused_v3/sin/fedogda_s/seed_0/v3_screen_sine_sin_fedogda_s_seed0_alpha1_T500_R3_batch256_glr0p01_cm6_lam0p03_slr1
fedogda_s_focused_v3,sin,screen_sine,fedogda_s,v3_screen_sine_sin_fedogda_s_seed0_alpha1_T500_R3_batch256_glr0p005_cm12_lam0p01_slr1p5,0,0.005,12.0,0.01,1.5,0.0,3,500,0.05059434896753634,0.004870712614368684,0.0003915272409187598,0.05200091219270896,492,0.0509858762084551,0.05199275343894915,0.05200091219270896,0.17985118985700013,0.740603844738194,0.730951013551084,0.6185681375950047,-0.2659746364766416,0.309697491297617,False,209.1192262172699,results/curve_fitting_tuning/fedogda_s_focused_v3/sin/fedogda_s/seed_0/v3_screen_sine_sin_fedogda_s_seed0_alpha1_T500_R3_batch256_glr0p005_cm12_lam0p01_slr1p5
fedogda_s_focused_v3,sin,screen_sine,fedogda_s,v3_screen_sine_sin_fedogda_s_seed0_alpha1_T500_R3_batch256_glr0p005_cm10_lam0p01_slr1p5,0,0.005,10.0,0.01,1.5,0.0,3,500,0.051531055671724925,0.005272014165795749,0.0006842136077178235,0.05290919467503166,492,0.05221526927944275,0.053177641217000304,0.052909194675031475,0.1833090828420337,0.734457278347469,0.7264110590541535,0.6204562555656696,-0.27471268242255,0.3027166275012573,False,205.0823016166687,results/curve_fitting_tuning/fedogda_s_focused_v3/sin/fedogda_s/seed_0/v3_screen_sine_sin_fedogda_s_seed0_alpha1_T500_R3_batch256_glr0p005_cm10_lam0p01_slr1p5
fedogda_s_focused_v3,sin,screen_sine,fedogda_s,v3_screen_sine_sin_fedogda_s_seed0_alpha1_T500_R3_batch256_glr0p0075_cm12_lam0p01_slr1,0,0.0075,12.0,0.01,1.0,0.0,3,500,0.05216415451853453,0.00427111245547188,0.0,0.053465725922704245,499,0.05216415451853453,0.053465725922704245,0.053465725922704224,0.18438260151284533,0.7275026254354553,0.7270889122574844,0.5984219366568778,-0.2800279855242281,0.2768950252882181,False,206.46555519104004,results/curve_fitting_tuning/fedogda_s_focused_v3/sin/fedogda_s/seed_0/v3_screen_sine_sin_fedogda_s_seed0_alpha1_T500_R3_batch256_glr0p0075_cm12_lam0p01_slr1
fedogda_s_focused_v3,sin,screen_sine,fedogda_s,v3_screen_sine_sin_fedogda_s_seed0_alpha1_T500_R3_batch256_glr0p0075_cm8_lam0p03_slr1,0,0.0075,8.0,0.03,1.0,0.0,3,500,0.05317685027279142,0.0041578114913718035,-6.938893903907228e-18,0.05453890076843778,499,0.05317685027279141,0.05453890076843778,0.05453890076843811,0.18701272083288153,0.726258090482383,0.7200655697577544,0.6114721131548645,-0.2737578608818639,0.2953103323540331,False,199.499773979187,results/curve_fitting_tuning/fedogda_s_focused_v3/sin/fedogda_s/seed_0/v3_screen_sine_sin_fedogda_s_seed0_alpha1_T500_R3_batch256_glr0p0075_cm8_lam0p03_slr1
fedogda_s_focused_v3,sin,screen_sine,fedogda_s,v3_screen_sine_sin_fedogda_s_seed0_alpha1_T500_R3_batch256_glr0p0075_cm10_lam0p01_slr1,0,0.0075,10.0,0.01,1.0,0.0,3,500,0.053752664895538586,0.005112668155990249,2.7755575615628914e-17,0.05498277306758925,499,0.053752664895538614,0.05498277306758925,0.054982773067589266,0.18585424671625358,0.7740999523490724,0.7140764860789813,0.6488215739442583,-0.34262930512655354,0.26119826586754435,False,208.04322028160095,results/curve_fitting_tuning/fedogda_s_focused_v3/sin/fedogda_s/seed_0/v3_screen_sine_sin_fedogda_s_seed0_alpha1_T500_R3_batch256_glr0p0075_cm10_lam0p01_slr1
fedogda_s_focused_v3,sin,screen_sine,fedogda_s,v3_screen_sine_sin_fedogda_s_seed0_alpha1_T500_R3_batch256_glr0p005_cm10_lam0p03_slr1p5,0,0.005,10.0,0.03,1.5,0.0,3,500,0.05383903925255514,0.0041278924994913885,0.0,0.05507254278702012,499,0.05383903925255514,0.05507254278702012,0.055072542787020506,0.18832472294928357,0.751285090211995,0.7199407601895593,0.60414068791088,-0.3080481883301128,0.25419699396598416,False,209.4526093006134,results/curve_fitting_tuning/fedogda_s_focused_v3/sin/fedogda_s/seed_0/v3_screen_sine_sin_fedogda_s_seed0_alpha1_T500_R3_batch256_glr0p005_cm10_lam0p03_slr1p5
fedogda_s_focused_v3,sin,screen_sine,fedogda_s,v3_screen_sine_sin_fedogda_s_seed0_alpha1_T500_R3_batch256_glr0p0075_cm8_lam0p01_slr1,0,0.0075,8.0,0.01,1.0,0.0,3,500,0.054347422172782794,0.005564586455286273,0.0,0.05547931136630378,499,0.054347422172782794,0.05547931136630378,0.055479311366304344,0.18756604263677,0.7865104892040209,0.7144586586228238,0.6255008001426018,-0.35618399832698927,0.2259400307938742,False,199.07417845726013,results/curve_fitting_tuning/fedogda_s_focused_v3/sin/fedogda_s/seed_0/v3_screen_sine_sin_fedogda_s_seed0_alpha1_T500_R3_batch256_glr0p0075_cm8_lam0p01_slr1
fedogda_s_focused_v3,sin,screen_sine,fedogda_s,v3_screen_sine_sin_fedogda_s_seed0_alpha1_T500_R3_batch256_glr0p0075_cm10_lam0p03_slr1,0,0.0075,10.0,0.03,1.0,0.0,3,500,0.054477130008824405,0.0037501329185300144,0.0,0.05609349353873531,499,0.054477130008824405,0.05609349353873531,0.05609349353873547,0.1891448480376444,0.7755695921316448,0.7054148129097754,0.6648728016679052,-0.24732476723971092,0.37144092270274903,False,200.53363347053528,results/curve_fitting_tuning/fedogda_s_focused_v3/sin/fedogda_s/seed_0/v3_screen_sine_sin_fedogda_s_seed0_alpha1_T500_R3_batch256_glr0p0075_cm10_lam0p03_slr1
fedogda_s_focused_v3,sin,screen_sine,fedogda_s,v3_screen_sine_sin_fedogda_s_seed0_alpha1_T500_R3_batch256_glr0p01_cm8_lam0p03_slr1,0,0.01,8.0,0.03,1.0,0.0,3,500,0.05491285015690172,0.006332345020845054,0.0,0.05654390388353841,499,0.05491285015690172,0.05654390388353841,0.056543903883538,0.1907642267924504,0.7880465084142048,0.717249787245381,0.589355222744669,-0.1667010101159464,0.38178403861514354,False,208.8196258544922,results/curve_fitting_tuning/fedogda_s_focused_v3/sin/fedogda_s/seed_0/v3_screen_sine_sin_fedogda_s_seed0_alpha1_T500_R3_batch256_glr0p01_cm8_lam0p03_slr1
fedogda_s_focused_v3,sin,screen_sine,fedogda_s,v3_screen_sine_sin_fedogda_s_seed0_alpha1_T500_R3_batch256_glr0p005_cm12_lam0p03_slr1p5,0,0.005,12.0,0.03,1.5,0.0,3,500,0.05505021658914038,0.003576602671308784,-1.3877787807814457e-17,0.0565822794734661,499,0.05505021658914037,0.0565822794734661,0.05658227947346612,0.19083733801911537,0.7580450414315847,0.7021024485522375,0.674870170348975,-0.27945885279783944,0.34861091563005864,False,199.83807826042175,results/curve_fitting_tuning/fedogda_s_focused_v3/sin/fedogda_s/seed_0/v3_screen_sine_sin_fedogda_s_seed0_alpha1_T500_R3_batch256_glr0p005_cm12_lam0p03_slr1p5
fedogda_s_focused_v3,sin,screen_sine,fedogda_s,v3_screen_sine_sin_fedogda_s_seed0_alpha1_T500_R3_batch256_glr0p004_cm12_lam0p01_slr1p5,0,0.004,12.0,0.01,1.5,0.0,3,500,0.0551663643291839,0.0035644772361278065,0.0014824792539100823,0.056661879020946694,492,0.05664884358309398,0.05771261148412168,0.05666187902094623,0.1897101948362802,0.7621265084327319,0.6961651224696352,0.7257569313595947,-0.3278731743860876,0.34755449724778414,False,207.55945539474487,results/curve_fitting_tuning/fedogda_s_focused_v3/sin/fedogda_s/seed_0/v3_screen_sine_sin_fedogda_s_seed0_alpha1_T500_R3_batch256_glr0p004_cm12_lam0p01_slr1p5
fedogda_s_focused_v3,sin,screen_sine,fedogda_s,v3_screen_sine_sin_fedogda_s_seed0_alpha1_T500_R3_batch256_glr0p005_cm8_lam0p01_slr1p5,0,0.005,8.0,0.01,1.5,0.0,3,500,0.056388319768531196,0.0054107533902489294,0.0013688309207396873,0.057775752856404,492,0.057757150689270884,0.0588317652043612,0.05777575285640352,0.19294705570958723,0.7722635257317514,0.691087970444935,0.712828836005866,-0.3477190488387796,0.31567705552218767,False,201.06868481636047,results/curve_fitting_tuning/fedogda_s_focused_v3/sin/fedogda_s/seed_0/v3_screen_sine_sin_fedogda_s_seed0_alpha1_T500_R3_batch256_glr0p005_cm8_lam0p01_slr1p5
fedogda_s_focused_v3,sin,screen_sine,fedogda_s,v3_screen_sine_sin_fedogda_s_seed0_alpha1_T500_R3_batch256_glr0p0075_cm12_lam0p03_slr1,0,0.0075,12.0,0.03,1.0,0.0,3,500,0.056753307890227485,0.004370729159930863,6.938893903907228e-18,0.058157262156550905,499,0.05675330789022749,0.058157262156550905,0.05815726215655108,0.19475681976259288,0.749295273783203,0.6936416770795758,0.6852587741253601,-0.3175056063348637,0.3202323445891571,False,207.31556224822998,results/curve_fitting_tuning/fedogda_s_focused_v3/sin/fedogda_s/seed_0/v3_screen_sine_sin_fedogda_s_seed0_alpha1_T500_R3_batch256_glr0p0075_cm12_lam0p03_slr1
fedogda_s_focused_v3,sin,screen_sine,fedogda_s,v3_screen_sine_sin_fedogda_s_seed0_alpha1_T500_R3_batch256_glr0p004_cm12_lam0p03_slr1p5,0,0.004,12.0,0.03,1.5,0.0,3,500,0.05878120233600209,0.0029732839222092297,0.00048059290520084674,0.06026790386488497,487,0.05926179524120294,0.060546093583522476,0.06026790386488483,0.1991466229140207,0.7605450866523799,0.6760904111040784,0.7266820059033208,-0.33211394191482535,0.34417465287135596,False,207.3307385444641,results/curve_fitting_tuning/fedogda_s_focused_v3/sin/fedogda_s/seed_0/v3_screen_sine_sin_fedogda_s_seed0_alpha1_T500_R3_batch256_glr0p004_cm12_lam0p03_slr1p5
fedogda_s_focused_v3,sin,screen_sine,fedogda_s,v3_screen_sine_sin_fedogda_s_seed0_alpha1_T500_R3_batch256_glr0p005_cm8_lam0p03_slr1p5,0,0.005,8.0,0.03,1.5,0.0,3,500,0.05986971898182204,0.004327615262743886,0.0007703968965019833,0.061438849782547836,492,0.060640115878324026,0.061823694175786696,0.06143884978254778,0.19857939002986677,0.7959119313639886,0.661824720593019,0.8173352732899034,-0.3848174829514448,0.3758378228797385,False,207.38661217689514,results/curve_fitting_tuning/fedogda_s_focused_v3/sin/fedogda_s/seed_0/v3_screen_sine_sin_fedogda_s_seed0_alpha1_T500_R3_batch256_glr0p005_cm8_lam0p03_slr1p5
fedogda_s_focused_v3,sin,screen_sine,fedogda_s,v3_screen_sine_sin_fedogda_s_seed0_alpha1_T500_R3_batch256_glr0p004_cm10_lam0p01_slr1p5,0,0.004,10.0,0.01,1.5,0.0,3,500,0.06031787960317915,0.0036879006508614186,0.0019768582826215075,0.06195606045265595,492,0.06229473788580066,0.06361537125638063,0.06195606045265571,0.2001289904560125,0.7893764236261971,0.6584304869366869,0.8098606132034569,-0.3580702840549893,0.39562870893880175,False,206.49322509765625,results/curve_fitting_tuning/fedogda_s_focused_v3/sin/fedogda_s/seed_0/v3_screen_sine_sin_fedogda_s_seed0_alpha1_T500_R3_batch256_glr0p004_cm10_lam0p01_slr1p5
fedogda_s_focused_v3,sin,screen_sine,fedogda_s,v3_screen_sine_sin_fedogda_s_seed0_alpha1_T500_R3_batch256_glr0p0075_cm6_lam0p01_slr1,0,0.0075,6.0,0.01,1.0,0.0,3,500,0.060360869600257605,0.005205607417951016,0.0013641682514595813,0.061963699899334986,492,0.061725037851717186,0.06314679601102512,0.061963699899335256,0.19980839638158027,0.7926108314549961,0.657706909040461,0.8185082909262449,-0.37515803621005256,0.3865889416902013,False,200.40542674064636,results/curve_fitting_tuning/fedogda_s_focused_v3/sin/fedogda_s/seed_0/v3_screen_sine_sin_fedogda_s_seed0_alpha1_T500_R3_batch256_glr0p0075_cm6_lam0p01_slr1
fedogda_s_focused_v3,sin,screen_sine,fedogda_s,v3_screen_sine_sin_fedogda_s_seed0_alpha1_T500_R3_batch256_glr0p0075_cm6_lam0p03_slr1,0,0.0075,6.0,0.03,1.0,0.0,3,500,0.06089312006128608,0.004219938724902524,0.0003819494472947216,0.06252279966556462,492,0.061275069508580804,0.06272210456664162,0.06252279966556507,0.20076198401870382,0.7950965970207888,0.6533052160376366,0.831991064215687,-0.3790216943554173,0.39527306335452483,False,200.8884789943695,results/curve_fitting_tuning/fedogda_s_focused_v3/sin/fedogda_s/seed_0/v3_screen_sine_sin_fedogda_s_seed0_alpha1_T500_R3_batch256_glr0p0075_cm6_lam0p03_slr1
fedogda_s_focused_v3,sin,screen_sine,fedogda_s,v3_screen_sine_sin_fedogda_s_seed0_alpha1_T500_R3_batch256_glr0p004_cm10_lam0p03_slr1p5,0,0.004,10.0,0.03,1.5,0.0,3,500,0.06098266605561612,0.0029824646600611258,0.001533104502146769,0.06260225178153568,492,0.06251577055776289,0.0637850833400981,0.06260225178153603,0.20151686503868171,0.7932067141718484,0.6530045250987484,0.8290980367039907,-0.3789367637663242,0.3926655899833318,False,208.2329819202423,results/curve_fitting_tuning/fedogda_s_focused_v3/sin/fedogda_s/seed_0/v3_screen_sine_sin_fedogda_s_seed0_alpha1_T500_R3_batch256_glr0p004_cm10_lam0p03_slr1p5
fedogda_s_focused_v3,sin,screen_sine,fedogda_s,v3_screen_sine_sin_fedogda_s_seed0_alpha1_T500_R3_batch256_glr0p005_cm6_lam0p01_slr1p5,0,0.005,6.0,0.01,1.5,0.0,3,500,0.06323494949841159,0.005113900776781237,0.0022299237098907937,0.06490795814188813,492,0.06546487320830238,0.06697847044015041,0.0649079581418881,0.2066715182219954,0.7921077116313521,0.6380688124821967,0.8352656286729875,-0.3679953873018655,0.40934685276951444,False,201.67125964164734,results/curve_fitting_tuning/fedogda_s_focused_v3/sin/fedogda_s/seed_0/v3_screen_sine_sin_fedogda_s_seed0_alpha1_T500_R3_batch256_glr0p005_cm6_lam0p01_slr1p5
fedogda_s_focused_v3,sin,screen_sine,fedogda_s,v3_screen_sine_sin_fedogda_s_seed0_alpha1_T500_R3_batch256_glr0p005_cm12_lam0p01_slr1,0,0.005,12.0,0.01,1.0,0.0,3,500,0.0635952165909363,0.00262111954889277,0.001162827217681961,0.06541225017814498,492,0.06475804380861826,0.06619970483285648,0.06541225017814471,0.20461642159662027,0.8326627473544478,0.630301043791972,0.9226073875301118,-0.4023925157782314,0.4562345708749926,False,200.45251607894897,results/curve_fitting_tuning/fedogda_s_focused_v3/sin/fedogda_s/seed_0/v3_screen_sine_sin_fedogda_s_seed0_alpha1_T500_R3_batch256_glr0p005_cm12_lam0p01_slr1
fedogda_s_focused_v3,sin,screen_sine,fedogda_s,v3_screen_sine_sin_fedogda_s_seed0_alpha1_T500_R3_batch256_glr0p005_cm6_lam0p03_slr1p5,0,0.005,6.0,0.03,1.5,0.0,3,500,0.06616901667400721,0.003847438069815874,0.0022416892746477263,0.06796594616054713,492,0.06841070594865493,0.06985633225827409,0.06796594616054705,0.21043941070998476,0.8267305112539016,0.6117114868108449,0.9380702402823297,-0.42069221369562937,0.4523254191307914,False,206.86898040771484,results/curve_fitting_tuning/fedogda_s_focused_v3/sin/fedogda_s/seed_0/v3_screen_sine_sin_fedogda_s_seed0_alpha1_T500_R3_batch256_glr0p005_cm6_lam0p03_slr1p5
fedogda_s_focused_v3,sin,screen_sine,fedogda_s,v3_screen_sine_sin_fedogda_s_seed0_alpha1_T500_R3_batch256_glr0p005_cm10_lam0p03_slr1,0,0.005,10.0,0.03,1.0,0.0,3,500,0.06915105748038577,0.002184479639543785,0.001006108785216897,0.07107271649607264,492,0.07015716626560267,0.0717699189335491,0.07107271649607222,0.21462310836482393,0.854651125376283,0.5872780875623141,1.0240365554320678,-0.46254135446255706,0.49048106450039736,False,209.01697182655334,results/curve_fitting_tuning/fedogda_s_focused_v3/sin/fedogda_s/seed_0/v3_screen_sine_sin_fedogda_s_seed0_alpha1_T500_R3_batch256_glr0p005_cm10_lam0p03_slr1
fedogda_s_focused_v3,sin,screen_sine,fedogda_s,v3_screen_sine_sin_fedogda_s_seed0_alpha1_T500_R3_batch256_glr0p004_cm8_lam0p01_slr1p5,0,0.004,8.0,0.01,1.5,0.0,3,500,0.06947201514785688,0.004225928029399355,0.003402204725863403,0.07126786697713704,492,0.07287421987372028,0.07445199440309781,0.07126786697713672,0.21988181011844504,0.8199691651683035,0.587417701752047,0.9125893057410973,-0.3999707421698561,0.4493329892874129,False,207.8530421257019,results/curve_fitting_tuning/fedogda_s_focused_v3/sin/fedogda_s/seed_0/v3_screen_sine_sin_fedogda_s_seed0_alpha1_T500_R3_batch256_glr0p004_cm8_lam0p01_slr1p5
fedogda_s_focused_v3,sin,screen_sine,fedogda_s,v3_screen_sine_sin_fedogda_s_seed0_alpha1_T500_R3_batch256_glr0p005_cm8_lam0p01_slr1,0,0.005,8.0,0.01,1.0,0.0,3,500,0.06977151996198912,0.003340714346866313,0.001699454846082013,0.071792667614801,492,0.07147097480807113,0.07321050744246117,0.0717926676148003,0.22000305598850933,0.8642067349207821,0.5824085706156081,0.9379468328630799,-0.36157362543229055,0.511329157942138,False,201.0084090232849,results/curve_fitting_tuning/fedogda_s_focused_v3/sin/fedogda_s/seed_0/v3_screen_sine_sin_fedogda_s_seed0_alpha1_T500_R3_batch256_glr0p005_cm8_lam0p01_slr1
fedogda_s_focused_v3,sin,screen_sine,fedogda_s,v3_screen_sine_sin_fedogda_s_seed0_alpha1_T500_R3_batch256_glr0p005_cm12_lam0p03_slr1,0,0.005,12.0,0.03,1.0,0.0,3,500,0.07004837485629754,0.00213066953624647,0.0003761665462975322,0.07194869668180409,487,0.07042454140259508,0.07209991662143331,0.07194869668180397,0.21649039349465102,0.853575863335349,0.5801607074001335,1.0249279165859757,-0.46943441032925287,0.48441755632763955,False,206.15573263168335,results/curve_fitting_tuning/fedogda_s_focused_v3/sin/fedogda_s/seed_0/v3_screen_sine_sin_fedogda_s_seed0_alpha1_T500_R3_batch256_glr0p005_cm12_lam0p03_slr1
fedogda_s_focused_v3,sin,screen_sine,fedogda_s,v3_screen_sine_sin_fedogda_s_seed0_alpha1_T500_R3_batch256_glr0p004_cm8_lam0p03_slr1p5,0,0.004,8.0,0.03,1.5,0.0,3,500,0.0703655362111232,0.0027296253540534826,0.002259492512376962,0.07229108296581825,492,0.07262502872350016,0.0742203525037545,0.0722910829658185,0.21883814929673726,0.8529840803827662,0.5777620480607083,0.9928331374097124,-0.4338067485652344,0.49017612413754724,False,205.00156044960022,results/curve_fitting_tuning/fedogda_s_focused_v3/sin/fedogda_s/seed_0/v3_screen_sine_sin_fedogda_s_seed0_alpha1_T500_R3_batch256_glr0p004_cm8_lam0p03_slr1p5
fedogda_s_focused_v3,sin,screen_sine,fedogda_s,v3_screen_sine_sin_fedogda_s_seed0_alpha1_T500_R3_batch256_glr0p004_cm12_lam0p01_slr1,0,0.004,12.0,0.01,1.0,0.0,3,500,0.07062497168277139,0.0024227874585924392,0.0013786687895002564,0.07273224269541043,492,0.07200364047227165,0.07379224911096652,0.07273224269541025,0.2196353241614473,0.8848137138125545,0.5740183464285694,1.0019121496791346,-0.39505635218597623,0.537375928097913,False,207.79028177261353,results/curve_fitting_tuning/fedogda_s_focused_v3/sin/fedogda_s/seed_0/v3_screen_sine_sin_fedogda_s_seed0_alpha1_T500_R3_batch256_glr0p004_cm12_lam0p01_slr1
fedogda_s_focused_v3,sin,screen_sine,fedogda_s,v3_screen_sine_sin_fedogda_s_seed0_alpha1_T500_R3_batch256_glr0p005_cm10_lam0p01_slr1,0,0.005,10.0,0.01,1.0,0.0,3,500,0.07063624241066602,0.002663863691271894,0.0023362533991808238,0.07254407446276351,492,0.07297249580984684,0.07459314043184272,0.07254407446276351,0.21879271166295666,0.8507774906540588,0.575517964855717,1.0049877443071988,-0.4483314198178994,0.4869631710120724,False,208.21770215034485,results/curve_fitting_tuning/fedogda_s_focused_v3/sin/fedogda_s/seed_0/v3_screen_sine_sin_fedogda_s_seed0_alpha1_T500_R3_batch256_glr0p005_cm10_lam0p01_slr1
fedogda_s_focused_v3,sin,screen_sine,fedogda_s,v3_screen_sine_sin_fedogda_s_seed0_alpha1_T500_R3_batch256_glr0p004_cm12_lam0p03_slr1,0,0.004,12.0,0.03,1.0,0.0,3,500,0.07090737026792082,0.0015606149773520772,0.0010335161891033978,0.07293558881840664,492,0.07194088645702422,0.0736089044670918,0.07293558881840648,0.21778989463469234,0.8773335841657708,0.5732774114561195,1.063426678527253,-0.4665493296993687,0.5231316149737181,False,201.16023206710815,results/curve_fitting_tuning/fedogda_s_focused_v3/sin/fedogda_s/seed_0/v3_screen_sine_sin_fedogda_s_seed0_alpha1_T500_R3_batch256_glr0p004_cm12_lam0p03_slr1
fedogda_s_focused_v3,sin,screen_sine,fedogda_s,v3_screen_sine_sin_fedogda_s_seed0_alpha1_T500_R3_batch256_glr0p005_cm8_lam0p03_slr1,0,0.005,8.0,0.03,1.0,0.0,3,500,0.071051645198491,0.0021667909349170063,0.0015996890922379686,0.07310600414100059,492,0.07265133429072897,0.07437650183108346,0.07310600414100042,0.21983126741954365,0.8790495765620822,0.5713622781023227,1.0292391017715177,-0.4306377498262669,0.5272264331058433,False,207.83619022369385,results/curve_fitting_tuning/fedogda_s_focused_v3/sin/fedogda_s/seed_0/v3_screen_sine_sin_fedogda_s_seed0_alpha1_T500_R3_batch256_glr0p005_cm8_lam0p03_slr1
fedogda_s_focused_v3,sin,screen_sine,fedogda_s,v3_screen_sine_sin_fedogda_s_seed0_alpha1_T500_R3_batch256_glr0p004_cm10_lam0p03_slr1,0,0.004,10.0,0.03,1.0,0.0,3,500,0.07360803396768248,0.001573717225238633,0.0013234222685405417,0.07571869016389836,492,0.07493145623622302,0.07667385456945387,0.07571869016389807,0.2227698071961488,0.8934315173324926,0.5519997921236685,1.1106395773725528,-0.4861049350749964,0.5475148229393939,False,208.4852578639984,results/curve_fitting_tuning/fedogda_s_focused_v3/sin/fedogda_s/seed_0/v3_screen_sine_sin_fedogda_s_seed0_alpha1_T500_R3_batch256_glr0p004_cm10_lam0p03_slr1
fedogda_s_focused_v3,sin,screen_sine,fedogda_s,v3_screen_sine_sin_fedogda_s_seed0_alpha1_T500_R3_batch256_glr0p004_cm6_lam0p01_slr1p5,0,0.004,6.0,0.01,1.5,0.0,3,500,0.07370484360251706,0.0038388897203042735,0.0015750281265245053,0.07576896496824312,494,0.07527987172904156,0.07708640861057964,0.07576896496824294,0.2288270213144665,0.8645478059264262,0.5503543854707271,0.9804279343405622,-0.3909558977111088,0.5214820388524548,False,199.58130884170532,results/curve_fitting_tuning/fedogda_s_focused_v3/sin/fedogda_s/seed_0/v3_screen_sine_sin_fedogda_s_seed0_alpha1_T500_R3_batch256_glr0p004_cm6_lam0p01_slr1p5
fedogda_s_focused_v3,sin,screen_sine,fedogda_s,v3_screen_sine_sin_fedogda_s_seed0_alpha1_T500_R3_batch256_glr0p004_cm10_lam0p01_slr1,0,0.004,10.0,0.01,1.0,0.0,3,500,0.07378935030552178,0.002112134359992832,0.0007476230350812463,0.07607008697651793,492,0.07453697334060302,0.07645189393556122,0.07607008697651772,0.22398414593312435,0.9173620321004776,0.5481329914004074,1.092267741187679,-0.4313736806809216,0.5851482777785375,False,204.66462349891663,results/curve_fitting_tuning/fedogda_s_focused_v3/sin/fedogda_s/seed_0/v3_screen_sine_sin_fedogda_s_seed0_alpha1_T500_R3_batch256_glr0p004_cm10_lam0p01_slr1
fedogda_s_focused_v3,sin,screen_sine,fedogda_s,v3_screen_sine_sin_fedogda_s_seed0_alpha1_T500_R3_batch256_glr0p004_cm8_lam0p01_slr1,0,0.004,8.0,0.01,1.0,0.0,3,500,0.07422290818070934,0.0019480609991058694,0.0006541956505648483,0.07643754276387064,494,0.07487710383127419,0.076873466620073,0.07643754276387098,0.22362481770838252,0.9016915868079061,0.5486697514650395,1.113848903173004,-0.4682128152849843,0.5683937105565521,False,208.9850046634674,results/curve_fitting_tuning/fedogda_s_focused_v3/sin/fedogda_s/seed_0/v3_screen_sine_sin_fedogda_s_seed0_alpha1_T500_R3_batch256_glr0p004_cm8_lam0p01_slr1
fedogda_s_focused_v3,sin,screen_sine,fedogda_s,v3_screen_sine_sin_fedogda_s_seed0_alpha1_T500_R3_batch256_glr0p004_cm6_lam0p03_slr1p5,0,0.004,6.0,0.03,1.5,0.0,3,500,0.07485126409270568,0.0025655315578913245,0.0017964619829804879,0.0767703365842728,494,0.07664772607568617,0.07830434124040198,0.07677033658427329,0.22691336649112023,0.8724392392370797,0.5430727416479799,1.0600426874129756,-0.4953337866673283,0.49119783742694656,False,201.33453917503357,results/curve_fitting_tuning/fedogda_s_focused_v3/sin/fedogda_s/seed_0/v3_screen_sine_sin_fedogda_s_seed0_alpha1_T500_R3_batch256_glr0p004_cm6_lam0p03_slr1p5
fedogda_s_focused_v3,sin,screen_sine,fedogda_s,v3_screen_sine_sin_fedogda_s_seed0_alpha1_T500_R3_batch256_glr0p005_cm6_lam0p03_slr1,0,0.005,6.0,0.03,1.0,0.0,3,500,0.07593136851343525,0.0011034668181997872,0.0012458291271894573,0.07800978012326373,458,0.07717719764062471,0.07902993630789759,0.07800978012326393,0.23014872264087188,0.8825532904254341,0.5309384413978331,1.0815440712593833,-0.46852399205967404,0.5380179536736647,False,198.88006496429443,results/curve_fitting_tuning/fedogda_s_focused_v3/sin/fedogda_s/seed_0/v3_screen_sine_sin_fedogda_s_seed0_alpha1_T500_R3_batch256_glr0p005_cm6_lam0p03_slr1
fedogda_s_focused_v3,sin,screen_sine,fedogda_s,v3_screen_sine_sin_fedogda_s_seed0_alpha1_T500_R3_batch256_glr0p005_cm6_lam0p01_slr1,0,0.005,6.0,0.01,1.0,0.0,3,500,0.07603358125767605,0.0012810739280603347,0.0016308700924919373,0.07825224711042944,458,0.07766445135016799,0.07966512441260713,0.07825224711042925,0.2306348740019841,0.9075499877593907,0.5288326253276986,1.0708498191636926,-0.4234736349538842,0.5731156758396453,False,201.19626474380493,results/curve_fitting_tuning/fedogda_s_focused_v3/sin/fedogda_s/seed_0/v3_screen_sine_sin_fedogda_s_seed0_alpha1_T500_R3_batch256_glr0p005_cm6_lam0p01_slr1
fedogda_s_focused_v3,sin,screen_sine,fedogda_s,v3_screen_sine_sin_fedogda_s_seed0_alpha1_T500_R3_batch256_glr0p004_cm8_lam0p03_slr1,0,0.004,8.0,0.03,1.0,0.0,3,500,0.07703172799917112,0.0008458287821233464,0.0013433599133150925,0.0789349553798073,458,0.07837508791248621,0.08022884391272657,0.07893495537980719,0.23184304311524576,0.892881286121475,0.5234980995121491,1.1003865262969978,-0.5293180845803833,0.49475964342937145,False,207.0186710357666,results/curve_fitting_tuning/fedogda_s_focused_v3/sin/fedogda_s/seed_0/v3_screen_sine_sin_fedogda_s_seed0_alpha1_T500_R3_batch256_glr0p004_cm8_lam0p03_slr1
fedogda_s_focused_v3,sin,screen_sine,fedogda_s,v3_screen_sine_sin_fedogda_s_seed0_alpha1_T500_R3_batch256_glr0p004_cm6_lam0p01_slr1,0,0.004,6.0,0.01,1.0,0.0,3,500,0.07956261379842564,0.0014418459340977095,0.003817204351039008,0.08138593185248316,469,0.08337981814946464,0.08515930405994566,0.08138593185248266,0.2376858594085086,0.9115671540554277,0.5061011454778706,1.1225552352945418,-0.5632801101545684,0.48142898746992757,False,199.59404397010803,results/curve_fitting_tuning/fedogda_s_focused_v3/sin/fedogda_s/seed_0/v3_screen_sine_sin_fedogda_s_seed0_alpha1_T500_R3_batch256_glr0p004_cm6_lam0p01_slr1
fedogda_s_focused_v3,sin,screen_sine,fedogda_s,v3_screen_sine_sin_fedogda_s_seed0_alpha1_T500_R3_batch256_glr0p004_cm6_lam0p03_slr1,0,0.004,6.0,0.03,1.0,0.0,3,500,0.08000704468233873,0.0010563627661654966,0.0018158616204724254,0.08195884477896954,468,0.08182290630281115,0.083645499746952,0.08195884477896918,0.23527601832089517,0.9405846985535077,0.5051004100284351,1.2002852788527458,-0.5976766039588371,0.5193721711361371,False,199.52795672416687,results/curve_fitting_tuning/fedogda_s_focused_v3/sin/fedogda_s/seed_0/v3_screen_sine_sin_fedogda_s_seed0_alpha1_T500_R3_batch256_glr0p004_cm6_lam0p03_slr1
