path,commit,author,date,commit_subject,current_tree,content,category
fedgmm/sp_decentralized_mnist_lr_example/All_3.png,895bc3c,Geetika <geetikai@iiitd.ac.in>,2026-06-09,repo updated,True,Absolute/Step/Linear combined curve plot; GDA/OGDA variants,coauthor_committed_curve_plot
fedgmm/sp_decentralized_mnist_lr_example/All_3latest.png,7a8e756,Geetika <geetikai@iiitd.ac.in>,2026-05-26,Experiments for abs function (progress).,True,Absolute/Step/Linear combined curve plot; includes minibatch/full-batch OGDA variants in Absolute/Step panels,coauthor_committed_curve_plot
fedgmm/sp_decentralized_mnist_lr_example/All_3best.png,8959997,Geetika <geetikai@iiitd.ac.in>,2026-05-25,Experiments for Step function (tuned).,False,Historical Absolute/Step/Linear combined curve plot; deleted later,coauthor_committed_curve_plot_deleted_later
fedgmm/sp_decentralized_mnist_lr_example/All_3best2.png,8959997,Geetika <geetikai@iiitd.ac.in>,2026-05-25,Experiments for Step function (tuned).,False,Historical Absolute/Step/Linear combined curve plot; deleted later,coauthor_committed_curve_plot_deleted_later
fedgmm/sp_decentralized_mnist_lr_example/All_3.png,69bb595,ggauranshi-03 <gauranshigupta2000@gmail.com>,2026-05-06,plots for gda and ogda,overwritten_later,Original combined plot before Geetika updates,coauthor_committed_curve_plot_historical_version
fedgmm/sp_decentralized_mnist_lr_example/linear_gda_vs_ogda_comparison.png,eef5a22,ggauranshi-03 <gauranshigupta2000@gmail.com>,2026-05-03,ogda,True,Single Linear GDA vs OGDA curve plot,coauthor_committed_curve_plot
fedgmm/sp_decentralized_mnist_lr_example/plot_abs_comparison.png,eef5a22,ggauranshi-03 <gauranshigupta2000@gmail.com>,2026-05-03,ogda,True,Single Absolute GDA curve plot,coauthor_committed_curve_plot
fedgmm/sp_decentralized_mnist_lr_example/plot_linear_comparison.png,eef5a22,ggauranshi-03 <gauranshigupta2000@gmail.com>,2026-05-03,ogda,True,Single Linear GDA vs OGDA curve plot,coauthor_committed_curve_plot
fedgmm/sp_decentralized_mnist_lr_example/abs_points_with_ogda.png,7936f8a,Geetika <geetikai@iiitd.ac.in>,2026-05-07,femnist and cifar10_x,True,Absolute plot with centralized/federated methods; partly hand-entered points plus OGDA CSV,coauthor_committed_curve_plot
