stage,method,run_id,seed,learning_rate,critic_multiplier,objective_lambda_1,server_learning_rate,comm_round,best_validation_mse,last_50_val_mse_std,final_vs_best_validation_gap,test_mse_at_best_validation,best_validation_round,final_validation_mse,final_test_mse,curve_mse,curve_mae,curve_corr,amp_ratio,diverged,runtime_seconds,result_dir
stage_a_screen,fedgda_s,sine05_v1_stage_a_screen_fedgda_s_seed0_alpha0p5_T500_R3_batch256_glr0p01_cm10_lam0p01_slr1p5,0,0.01,10.0,0.01,1.5,500,0.024345469825302196,0.013176561974613586,0.0451773553464683,0.0250095710317166,484,0.0695228251717705,0.06911419815317807,0.025009571031716617,0.1245298661520282,0.9148074543035031,0.6948008206284437,False,158.83114314079285,results/curve_fitting_tuning/sine_alpha0p5_paired_v1/sin/fedgda_s/seed_0/sine05_v1_stage_a_screen_fedgda_s_seed0_alpha0p5_T500_R3_batch256_glr0p01_cm10_lam0p01_slr1p5
stage_b_server_lr,fedgda_s,sine05_v1_stage_b_server_lr_fedgda_s_seed0_alpha0p5_T500_R3_batch256_glr0p01_cm10_lam0p01_slr1p75,0,0.01,10.0,0.01,1.75,500,0.02780619580495248,0.014400956532759685,0.06058059818034114,0.02867902662793698,492,0.08838679398529362,0.087868754492857,0.028679026627936997,0.1327526298686695,0.8917451591748623,0.6756492298176769,False,154.62794065475464,results/curve_fitting_tuning/sine_alpha0p5_paired_v1/sin/fedgda_s/seed_0/sine05_v1_stage_b_server_lr_fedgda_s_seed0_alpha0p5_T500_R3_batch256_glr0p01_cm10_lam0p01_slr1p75
stage_b_server_lr,fedgda_s,sine05_v1_stage_b_server_lr_fedgda_s_seed0_alpha0p5_T500_R3_batch256_glr0p01_cm10_lam0p01_slr2,0,0.01,10.0,0.01,2.0,500,0.028764622282884938,0.016746405924236596,0.03040244047327621,0.029227856390587028,492,0.05916706275616115,0.05892219222739743,0.029227856390586896,0.13936605740280378,0.9252429603709462,0.616089929912207,False,150.6993019580841,results/curve_fitting_tuning/sine_alpha0p5_paired_v1/sin/fedgda_s/seed_0/sine05_v1_stage_b_server_lr_fedgda_s_seed0_alpha0p5_T500_R3_batch256_glr0p01_cm10_lam0p01_slr2
stage_b_server_lr,fedgda_s,sine05_v1_stage_b_server_lr_fedgda_s_seed0_alpha0p5_T500_R3_batch256_glr0p01_cm10_lam0p01_slr1p25,0,0.01,10.0,0.01,1.25,500,0.030847506495575622,0.005851129194414826,0.019009970815254764,0.03150084308815069,492,0.049857477310830386,0.05022165372002942,0.03150084308815053,0.14065597068742636,0.888072568757165,0.5974712285170776,False,152.83608603477478,results/curve_fitting_tuning/sine_alpha0p5_paired_v1/sin/fedgda_s/seed_0/sine05_v1_stage_b_server_lr_fedgda_s_seed0_alpha0p5_T500_R3_batch256_glr0p01_cm10_lam0p01_slr1p25
stage_b_server_lr,fedgda_s,sine05_v1_stage_b_server_lr_fedgda_s_seed0_alpha0p5_T500_R3_batch256_glr0p01_cm7_lam0p01_slr1p25,0,0.01,7.0,0.01,1.25,500,0.03890078194005152,0.009137933067736262,0.011371485405871531,0.04012628361434895,489,0.05027226734592305,0.0513864978906516,0.04012628361434893,0.15463068165457594,0.810374119605016,0.5502434232069128,False,147.39322757720947,results/curve_fitting_tuning/sine_alpha0p5_paired_v1/sin/fedgda_s/seed_0/sine05_v1_stage_b_server_lr_fedgda_s_seed0_alpha0p5_T500_R3_batch256_glr0p01_cm7_lam0p01_slr1p25
stage_b_server_lr,fedgda_s,sine05_v1_stage_b_server_lr_fedgda_s_seed0_alpha0p5_T500_R3_batch256_glr0p01_cm7_lam0p01_slr1p75,0,0.01,7.0,0.01,1.75,500,0.04478281529177,0.015894341705851252,0.017148670873253696,0.04655194363795425,490,0.0619314861650237,0.06447178492561012,0.04655194363795428,0.1614025145842772,0.7742036698688831,0.640185484126479,False,153.12724256515503,results/curve_fitting_tuning/sine_alpha0p5_paired_v1/sin/fedgda_s/seed_0/sine05_v1_stage_b_server_lr_fedgda_s_seed0_alpha0p5_T500_R3_batch256_glr0p01_cm7_lam0p01_slr1p75
stage_a_screen,fedgda_s,sine05_v1_stage_a_screen_fedgda_s_seed0_alpha0p5_T500_R3_batch256_glr0p01_cm7_lam0p01_slr1p5,0,0.01,7.0,0.01,1.5,500,0.04725788330329245,0.012008261788960885,0.016058192093077503,0.04835110812525963,487,0.06331607539636995,0.06630539422164629,0.048351108125259515,0.1754759065952996,0.7596039778134743,0.5291291055068096,False,151.73210954666138,results/curve_fitting_tuning/sine_alpha0p5_paired_v1/sin/fedgda_s/seed_0/sine05_v1_stage_a_screen_fedgda_s_seed0_alpha0p5_T500_R3_batch256_glr0p01_cm7_lam0p01_slr1p5
stage_a_screen,fedgda_s,sine05_v1_stage_a_screen_fedgda_s_seed0_alpha0p5_T500_R3_batch256_glr0p0075_cm10_lam0p01_slr1p5,0,0.0075,10.0,0.01,1.5,500,0.04781633346353496,0.009089925311767028,0.04112025104236712,0.04837781692853061,489,0.08893658450590208,0.09206366409230238,0.0483778169285305,0.18751693196142205,0.8645323907474567,0.4022913946979241,False,160.965913772583,results/curve_fitting_tuning/sine_alpha0p5_paired_v1/sin/fedgda_s/seed_0/sine05_v1_stage_a_screen_fedgda_s_seed0_alpha0p5_T500_R3_batch256_glr0p0075_cm10_lam0p01_slr1p5
stage_a_screen,fedgda_s,sine05_v1_stage_a_screen_fedgda_s_seed0_alpha0p5_T500_R3_batch256_glr0p0075_cm10_lam0p005_slr1p5,0,0.0075,10.0,0.005,1.5,500,0.05361156790190703,0.0077566888867563345,0.03344898519295917,0.054340192429004834,489,0.0870605530948662,0.09043349736613782,0.054340192429004744,0.1983772820175092,0.8285576501484049,0.35406647611358244,False,154.517151594162,results/curve_fitting_tuning/sine_alpha0p5_paired_v1/sin/fedgda_s/seed_0/sine05_v1_stage_a_screen_fedgda_s_seed0_alpha0p5_T500_R3_batch256_glr0p0075_cm10_lam0p005_slr1p5
stage_a_screen,fedgda_s,sine05_v1_stage_a_screen_fedgda_s_seed0_alpha0p5_T500_R3_batch256_glr0p005_cm10_lam0p01_slr1p5,0,0.005,10.0,0.01,1.5,500,0.05444704165805432,0.005941271322571902,0.028881853755979042,0.05569661518988649,490,0.08332889541403336,0.08516571745616262,0.05569661518988642,0.19242702131854994,0.7088570701186357,0.6393033268987054,False,149.55469942092896,results/curve_fitting_tuning/sine_alpha0p5_paired_v1/sin/fedgda_s/seed_0/sine05_v1_stage_a_screen_fedgda_s_seed0_alpha0p5_T500_R3_batch256_glr0p005_cm10_lam0p01_slr1p5
stage_a_screen,fedgda_s,sine05_v1_stage_a_screen_fedgda_s_seed0_alpha0p5_T500_R3_batch256_glr0p01_cm10_lam0p005_slr1p5,0,0.01,10.0,0.005,1.5,500,0.060572924465042526,0.01156755199874077,0.006812791621816354,0.06241637563197808,490,0.06738571608685888,0.06999240154328361,0.062416375631978244,0.19992859393679777,0.6702276006059031,0.7534970646522026,False,153.74150919914246,results/curve_fitting_tuning/sine_alpha0p5_paired_v1/sin/fedgda_s/seed_0/sine05_v1_stage_a_screen_fedgda_s_seed0_alpha0p5_T500_R3_batch256_glr0p01_cm10_lam0p005_slr1p5
stage_a_screen,fedgda_s,sine05_v1_stage_a_screen_fedgda_s_seed0_alpha0p5_T500_R3_batch256_glr0p005_cm10_lam0p005_slr1p5,0,0.005,10.0,0.005,1.5,500,0.06841680507302808,0.006254980053145308,0.014361507615532496,0.0697819021302813,495,0.08277831268856058,0.08322107628432887,0.06978190213028165,0.214933067637124,0.6052558001763109,0.9473015356314828,False,162.89932513237,results/curve_fitting_tuning/sine_alpha0p5_paired_v1/sin/fedgda_s/seed_0/sine05_v1_stage_a_screen_fedgda_s_seed0_alpha0p5_T500_R3_batch256_glr0p005_cm10_lam0p005_slr1p5
stage_a_screen,fedgda_s,sine05_v1_stage_a_screen_fedgda_s_seed0_alpha0p5_T500_R3_batch256_glr0p0075_cm7_lam0p005_slr1p5,0,0.0075,7.0,0.005,1.5,500,0.06881386951541849,0.02681761634789098,0.06164516069733794,0.07059018345599474,423,0.13045903021275643,0.13624137483213283,0.07059018345599477,0.22076807617168662,0.5949058168508342,0.8872528568159516,False,157.8051552772522,results/curve_fitting_tuning/sine_alpha0p5_paired_v1/sin/fedgda_s/seed_0/sine05_v1_stage_a_screen_fedgda_s_seed0_alpha0p5_T500_R3_batch256_glr0p0075_cm7_lam0p005_slr1p5
stage_a_screen,fedgda_s,sine05_v1_stage_a_screen_fedgda_s_seed0_alpha0p5_T500_R3_batch256_glr0p0075_cm7_lam0p01_slr1p5,0,0.0075,7.0,0.01,1.5,500,0.06926711856546693,0.0119004730980098,0.011728353784489345,0.07098063590943211,479,0.08099547234995627,0.08290294731997667,0.07098063590943211,0.2144102467527444,0.5972117616920066,1.012954068129596,False,159.07752442359924,results/curve_fitting_tuning/sine_alpha0p5_paired_v1/sin/fedgda_s/seed_0/sine05_v1_stage_a_screen_fedgda_s_seed0_alpha0p5_T500_R3_batch256_glr0p0075_cm7_lam0p01_slr1p5
stage_a_screen,fedgda_s,sine05_v1_stage_a_screen_fedgda_s_seed0_alpha0p5_T500_R3_batch256_glr0p0125_cm7_lam0p005_slr1p5,0,0.0125,7.0,0.005,1.5,500,0.07169400677141655,0.024024204993150174,0.03130846315457832,0.07289983399706217,483,0.10300246992599486,0.10568195423658681,0.07289983399706239,0.2267355088511563,0.5850458416392647,0.8081308492381767,False,151.45342874526978,results/curve_fitting_tuning/sine_alpha0p5_paired_v1/sin/fedgda_s/seed_0/sine05_v1_stage_a_screen_fedgda_s_seed0_alpha0p5_T500_R3_batch256_glr0p0125_cm7_lam0p005_slr1p5
stage_b_server_lr,fedgda_s,sine05_v1_stage_b_server_lr_fedgda_s_seed0_alpha0p5_T500_R3_batch256_glr0p01_cm7_lam0p01_slr2,0,0.01,7.0,0.01,2.0,500,0.07221371968661373,0.023699950522570956,0.037753420066956506,0.0738663288197811,489,0.10996713975357024,0.11422404589973198,0.07386632881978143,0.2199287419360438,0.5692353283124612,1.0473999702330745,False,159.5177173614502,results/curve_fitting_tuning/sine_alpha0p5_paired_v1/sin/fedgda_s/seed_0/sine05_v1_stage_b_server_lr_fedgda_s_seed0_alpha0p5_T500_R3_batch256_glr0p01_cm7_lam0p01_slr2
stage_a_screen,fedgda_s,sine05_v1_stage_a_screen_fedgda_s_seed0_alpha0p5_T500_R3_batch256_glr0p005_cm7_lam0p01_slr1p5,0,0.005,7.0,0.01,1.5,500,0.07409047198924766,0.014369849503204156,0.035286963089835505,0.07613105359541676,480,0.10937743507908317,0.11430963785340006,0.07613105359541612,0.2243453078660297,0.5495704518635864,1.1135940802050655,False,159.17264676094055,results/curve_fitting_tuning/sine_alpha0p5_paired_v1/sin/fedgda_s/seed_0/sine05_v1_stage_a_screen_fedgda_s_seed0_alpha0p5_T500_R3_batch256_glr0p005_cm7_lam0p01_slr1p5
stage_a_screen,fedgda_s,sine05_v1_stage_a_screen_fedgda_s_seed0_alpha0p5_T500_R3_batch256_glr0p005_cm7_lam0p005_slr1p5,0,0.005,7.0,0.005,1.5,500,0.07547658326460044,0.016973862928641344,0.00994017837282743,0.07695815047397984,496,0.08541676163742787,0.08647243014495762,0.07695815047397993,0.23851227512649284,0.5535812879681689,0.7781910619491558,False,147.6306722164154,results/curve_fitting_tuning/sine_alpha0p5_paired_v1/sin/fedgda_s/seed_0/sine05_v1_stage_a_screen_fedgda_s_seed0_alpha0p5_T500_R3_batch256_glr0p005_cm7_lam0p005_slr1p5
stage_a_screen,fedgda_s,sine05_v1_stage_a_screen_fedgda_s_seed0_alpha0p5_T500_R3_batch256_glr0p01_cm7_lam0p005_slr1p5,0,0.01,7.0,0.005,1.5,500,0.07884722266516545,0.03519285121705928,0.08644100059361357,0.08026761988083296,479,0.165288223258779,0.17049934101943395,0.08026761988083303,0.23947035325363722,0.5095774139759858,0.9718004425562872,False,146.25774240493774,results/curve_fitting_tuning/sine_alpha0p5_paired_v1/sin/fedgda_s/seed_0/sine05_v1_stage_a_screen_fedgda_s_seed0_alpha0p5_T500_R3_batch256_glr0p01_cm7_lam0p005_slr1p5
stage_a_screen,fedgda_s,sine05_v1_stage_a_screen_fedgda_s_seed0_alpha0p5_T500_R3_batch256_glr0p01_cm5_lam0p005_slr1p5,0,0.01,5.0,0.005,1.5,500,0.07889470625122161,0.08040253125153891,0.24097404116110496,0.08076900168920344,491,0.31986874741232657,0.3273250003813312,0.0807690016892031,0.23747785898004223,0.505973310507079,1.0431921698796047,False,149.30155754089355,results/curve_fitting_tuning/sine_alpha0p5_paired_v1/sin/fedgda_s/seed_0/sine05_v1_stage_a_screen_fedgda_s_seed0_alpha0p5_T500_R3_batch256_glr0p01_cm5_lam0p005_slr1p5
stage_a_screen,fedgda_s,sine05_v1_stage_a_screen_fedgda_s_seed0_alpha0p5_T500_R3_batch256_glr0p003_cm10_lam0p1_slr1p5,0,0.003,10.0,0.1,1.5,500,0.0792361134606482,0.0013432783185414047,0.00043289778845932714,0.08084465012555463,487,0.07966901124910752,0.0816933093903071,0.08084465012555467,0.24069966030274687,0.5047457753162414,0.9747868844794428,False,150.70602536201477,results/curve_fitting_tuning/sine_alpha0p5_paired_v1/sin/fedgda_s/seed_0/sine05_v1_stage_a_screen_fedgda_s_seed0_alpha0p5_T500_R3_batch256_glr0p003_cm10_lam0p1_slr1p5
stage_a_screen,fedgda_s,sine05_v1_stage_a_screen_fedgda_s_seed0_alpha0p5_T500_R3_batch256_glr0p01_cm7_lam0p005_slr1p75,0,0.01,7.0,0.005,1.75,500,0.08141432384879962,0.04568625867827598,0.11364879465385525,0.08308538320137672,448,0.19506311850265487,0.2021732362446845,0.08308538320137712,0.24993892009826546,0.495471270165819,0.8069406766738572,False,161.54400968551636,results/curve_fitting_tuning/sine_alpha0p5_paired_v1/sin/fedgda_s/seed_0/sine05_v1_stage_a_screen_fedgda_s_seed0_alpha0p5_T500_R3_batch256_glr0p01_cm7_lam0p005_slr1p75
stage_b_server_lr,fedogda_s,sine05_v1_stage_b_server_lr_fedogda_s_seed0_alpha0p5_T500_R3_batch256_glr0p01_cm5_lam0p005_slr2,0,0.01,5.0,0.005,2.0,500,0.019766985381508333,0.03112837934979714,0.019765359592675384,0.020225246720143857,488,0.03953234497418372,0.04070465453629815,0.020225246720143922,0.11764654193298192,0.9239451659550443,0.8988164061289516,False,157.25285983085632,results/curve_fitting_tuning/sine_alpha0p5_paired_v1/sin/fedogda_s/seed_0/sine05_v1_stage_b_server_lr_fedogda_s_seed0_alpha0p5_T500_R3_batch256_glr0p01_cm5_lam0p005_slr2
stage_b_server_lr,fedogda_s,sine05_v1_stage_b_server_lr_fedogda_s_seed0_alpha0p5_T500_R3_batch256_glr0p01_cm5_lam0p005_slr1p75,0,0.01,5.0,0.005,1.75,500,0.02715639628557398,0.02449289651074153,0.018673117111342424,0.02778835351631061,488,0.045829513396916405,0.047881398653620566,0.0277883535163107,0.1345917376371348,0.8978834066403069,0.6659114900509916,False,164.41300439834595,results/curve_fitting_tuning/sine_alpha0p5_paired_v1/sin/fedogda_s/seed_0/sine05_v1_stage_b_server_lr_fedogda_s_seed0_alpha0p5_T500_R3_batch256_glr0p01_cm5_lam0p005_slr1p75
stage_a_screen,fedogda_s,sine05_v1_stage_a_screen_fedogda_s_seed0_alpha0p5_T500_R3_batch256_glr0p01_cm5_lam0p005_slr1p5,0,0.01,5.0,0.005,1.5,500,0.0280907902152125,0.017588824162884032,0.015779923351141537,0.028798871929890727,475,0.04387071356635404,0.04567669491954673,0.028798871929890845,0.12013780349334306,0.8651661242258631,0.6937476815760968,False,158.69545769691467,results/curve_fitting_tuning/sine_alpha0p5_paired_v1/sin/fedogda_s/seed_0/sine05_v1_stage_a_screen_fedogda_s_seed0_alpha0p5_T500_R3_batch256_glr0p01_cm5_lam0p005_slr1p5
stage_a_screen,fedogda_s,sine05_v1_stage_a_screen_fedogda_s_seed0_alpha0p5_T500_R3_batch256_glr0p01_cm7_lam0p01_slr1p5,0,0.01,7.0,0.01,1.5,500,0.02978551011221449,0.012626814943632485,0.017975031607767464,0.030334156145355628,479,0.04776054171998195,0.049650254650844564,0.03033415614535573,0.13709926355024066,0.8970308427048147,0.6144650719921895,False,157.43863248825073,results/curve_fitting_tuning/sine_alpha0p5_paired_v1/sin/fedogda_s/seed_0/sine05_v1_stage_a_screen_fedogda_s_seed0_alpha0p5_T500_R3_batch256_glr0p01_cm7_lam0p01_slr1p5
stage_a_screen,fedogda_s,sine05_v1_stage_a_screen_fedogda_s_seed0_alpha0p5_T500_R3_batch256_glr0p01_cm7_lam0p005_slr1p5,0,0.01,7.0,0.005,1.5,500,0.03046975212000445,0.015407832818007342,0.021067218585489617,0.03077596691786078,492,0.05153697070549407,0.05271377025666246,0.03077596691786092,0.13605850162405855,0.8854227173594204,0.6490443064124131,False,159.10817790031433,results/curve_fitting_tuning/sine_alpha0p5_paired_v1/sin/fedogda_s/seed_0/sine05_v1_stage_a_screen_fedogda_s_seed0_alpha0p5_T500_R3_batch256_glr0p01_cm7_lam0p005_slr1p5
stage_b_server_lr,fedogda_s,sine05_v1_stage_b_server_lr_fedogda_s_seed0_alpha0p5_T500_R3_batch256_glr0p01_cm5_lam0p005_slr1p25,0,0.01,5.0,0.005,1.25,500,0.03165463573088033,0.012180168280552416,0.017898125092277825,0.03228387795009972,488,0.049552760823158154,0.05104880623287708,0.03228387795009977,0.14202692917704632,0.894352036239316,0.5919832440389953,False,157.43475198745728,results/curve_fitting_tuning/sine_alpha0p5_paired_v1/sin/fedogda_s/seed_0/sine05_v1_stage_b_server_lr_fedogda_s_seed0_alpha0p5_T500_R3_batch256_glr0p01_cm5_lam0p005_slr1p25
stage_b_server_lr,fedogda_s,sine05_v1_stage_b_server_lr_fedogda_s_seed0_alpha0p5_T500_R3_batch256_glr0p01_cm7_lam0p01_slr1p75,0,0.01,7.0,0.01,1.75,500,0.032292130031396235,0.015186821596254013,0.022892389183855694,0.033014890948077115,479,0.05518451921525193,0.058142610878541896,0.03301489094807728,0.1414871874962314,0.8588284277015366,0.6149774286287819,False,154.1405017375946,results/curve_fitting_tuning/sine_alpha0p5_paired_v1/sin/fedogda_s/seed_0/sine05_v1_stage_b_server_lr_fedogda_s_seed0_alpha0p5_T500_R3_batch256_glr0p01_cm7_lam0p01_slr1p75
stage_a_screen,fedogda_s,sine05_v1_stage_a_screen_fedogda_s_seed0_alpha0p5_T500_R3_batch256_glr0p0075_cm10_lam0p01_slr1p5,0,0.0075,10.0,0.01,1.5,500,0.03258673926934087,0.007821451452063704,0.01749799058548341,0.033762936591795904,490,0.05008472985482428,0.05174983565451768,0.033762936591796015,0.1377521942462961,0.8545172605355146,0.6124199675809939,False,156.50278663635254,results/curve_fitting_tuning/sine_alpha0p5_paired_v1/sin/fedogda_s/seed_0/sine05_v1_stage_a_screen_fedogda_s_seed0_alpha0p5_T500_R3_batch256_glr0p0075_cm10_lam0p01_slr1p5
stage_a_screen,fedogda_s,sine05_v1_stage_a_screen_fedogda_s_seed0_alpha0p5_T500_R3_batch256_glr0p01_cm7_lam0p005_slr1p75,0,0.01,7.0,0.005,1.75,500,0.03336090336569239,0.017743696228272546,0.024859208801075394,0.033703366814144826,492,0.058220112166767785,0.059564453647683785,0.03370336681414469,0.14631192561578457,0.8815880216862759,0.6232368014577361,False,163.37151527404785,results/curve_fitting_tuning/sine_alpha0p5_paired_v1/sin/fedogda_s/seed_0/sine05_v1_stage_a_screen_fedogda_s_seed0_alpha0p5_T500_R3_batch256_glr0p01_cm7_lam0p005_slr1p75
stage_b_server_lr,fedogda_s,sine05_v1_stage_b_server_lr_fedogda_s_seed0_alpha0p5_T500_R3_batch256_glr0p01_cm7_lam0p01_slr1p25,0,0.01,7.0,0.01,1.25,500,0.03380339458665467,0.009849449739437079,0.01569650072355047,0.03469316162870251,479,0.04949989531020514,0.05144616217576503,0.03469316162870254,0.14554498103457955,0.8744530972365602,0.5819491617691224,False,156.17634916305542,results/curve_fitting_tuning/sine_alpha0p5_paired_v1/sin/fedogda_s/seed_0/sine05_v1_stage_b_server_lr_fedogda_s_seed0_alpha0p5_T500_R3_batch256_glr0p01_cm7_lam0p01_slr1p25
stage_a_screen,fedogda_s,sine05_v1_stage_a_screen_fedogda_s_seed0_alpha0p5_T500_R3_batch256_glr0p0075_cm7_lam0p005_slr1p5,0,0.0075,7.0,0.005,1.5,500,0.03413301752694902,0.010393403624209971,0.01473765568777051,0.0349826833165194,494,0.04887067321471953,0.05010560002000165,0.03498268331651944,0.14188381293033772,0.8447611908405714,0.5852852959191657,False,159.2431583404541,results/curve_fitting_tuning/sine_alpha0p5_paired_v1/sin/fedogda_s/seed_0/sine05_v1_stage_a_screen_fedogda_s_seed0_alpha0p5_T500_R3_batch256_glr0p0075_cm7_lam0p005_slr1p5
stage_a_screen,fedogda_s,sine05_v1_stage_a_screen_fedogda_s_seed0_alpha0p5_T500_R3_batch256_glr0p0075_cm10_lam0p005_slr1p5,0,0.0075,10.0,0.005,1.5,500,0.03428706642491639,0.008080623961241963,0.016551692963737805,0.034792393530303056,492,0.050838759388654196,0.052108684064924804,0.03479239353030316,0.14740869832092218,0.8693565123472534,0.5778818593124169,False,159.89466309547424,results/curve_fitting_tuning/sine_alpha0p5_paired_v1/sin/fedogda_s/seed_0/sine05_v1_stage_a_screen_fedogda_s_seed0_alpha0p5_T500_R3_batch256_glr0p0075_cm10_lam0p005_slr1p5
stage_a_screen,fedogda_s,sine05_v1_stage_a_screen_fedogda_s_seed0_alpha0p5_T500_R3_batch256_glr0p0125_cm7_lam0p005_slr1p5,0,0.0125,7.0,0.005,1.5,500,0.0377191966185517,0.02069509065454418,0.021407243303436643,0.038431230224695384,463,0.05912643992198834,0.062437511364320075,0.038431230224695384,0.14910846085358898,0.8158241779214994,0.5767479964245921,False,168.70814871788025,results/curve_fitting_tuning/sine_alpha0p5_paired_v1/sin/fedogda_s/seed_0/sine05_v1_stage_a_screen_fedogda_s_seed0_alpha0p5_T500_R3_batch256_glr0p0125_cm7_lam0p005_slr1p5
stage_b_server_lr,fedogda_s,sine05_v1_stage_b_server_lr_fedogda_s_seed0_alpha0p5_T500_R3_batch256_glr0p01_cm7_lam0p01_slr2,0,0.01,7.0,0.01,2.0,500,0.037981190361865834,0.019876132066686862,0.018250809936595468,0.038459878473127145,472,0.0562320002984613,0.059257555132436156,0.038459878473127165,0.16180375914434586,0.8696007420599333,0.5179160779455966,False,158.25636172294617,results/curve_fitting_tuning/sine_alpha0p5_paired_v1/sin/fedogda_s/seed_0/sine05_v1_stage_b_server_lr_fedogda_s_seed0_alpha0p5_T500_R3_batch256_glr0p01_cm7_lam0p01_slr2
stage_a_screen,fedogda_s,sine05_v1_stage_a_screen_fedogda_s_seed0_alpha0p5_T500_R3_batch256_glr0p01_cm10_lam0p005_slr1p5,0,0.01,10.0,0.005,1.5,500,0.03864221791481997,0.012258753230239089,0.01404373606499005,0.03968723644784537,483,0.05268595397981002,0.054739865850210546,0.03968723644784544,0.1540625474198812,0.8091849771546397,0.5826993326645483,False,162.5589668750763,results/curve_fitting_tuning/sine_alpha0p5_paired_v1/sin/fedogda_s/seed_0/sine05_v1_stage_a_screen_fedogda_s_seed0_alpha0p5_T500_R3_batch256_glr0p01_cm10_lam0p005_slr1p5
stage_a_screen,fedogda_s,sine05_v1_stage_a_screen_fedogda_s_seed0_alpha0p5_T500_R3_batch256_glr0p0075_cm7_lam0p01_slr1p5,0,0.0075,7.0,0.01,1.5,500,0.04025964276957897,0.008247900956649602,0.017033976607972887,0.040830208340359615,488,0.057293619377551855,0.05892864597757905,0.040830208340359414,0.16630497542642966,0.8724433972407009,0.4773277152776191,False,155.1169559955597,results/curve_fitting_tuning/sine_alpha0p5_paired_v1/sin/fedogda_s/seed_0/sine05_v1_stage_a_screen_fedogda_s_seed0_alpha0p5_T500_R3_batch256_glr0p0075_cm7_lam0p01_slr1p5
stage_a_screen,fedogda_s,sine05_v1_stage_a_screen_fedogda_s_seed0_alpha0p5_T500_R3_batch256_glr0p01_cm10_lam0p01_slr1p5,0,0.01,10.0,0.01,1.5,500,0.04073413760589723,0.011195183936015783,0.018416301032659246,0.04180851853569926,460,0.05915043863855648,0.059988127129941345,0.04180851853569942,0.1577955709825527,0.8005260580525401,0.5311678302795438,False,165.52292943000793,results/curve_fitting_tuning/sine_alpha0p5_paired_v1/sin/fedogda_s/seed_0/sine05_v1_stage_a_screen_fedogda_s_seed0_alpha0p5_T500_R3_batch256_glr0p01_cm10_lam0p01_slr1p5
stage_a_screen,fedogda_s,sine05_v1_stage_a_screen_fedogda_s_seed0_alpha0p5_T500_R3_batch256_glr0p005_cm10_lam0p01_slr1p5,0,0.005,10.0,0.01,1.5,500,0.042659261777018745,0.004276734658876837,0.013680583682646713,0.043951156877529665,490,0.05633984545966546,0.057832326374935225,0.043951156877529596,0.1680082881909488,0.8032564071798662,0.4947271475793592,False,154.06343030929565,results/curve_fitting_tuning/sine_alpha0p5_paired_v1/sin/fedogda_s/seed_0/sine05_v1_stage_a_screen_fedogda_s_seed0_alpha0p5_T500_R3_batch256_glr0p005_cm10_lam0p01_slr1p5
stage_a_screen,fedogda_s,sine05_v1_stage_a_screen_fedogda_s_seed0_alpha0p5_T500_R3_batch256_glr0p005_cm10_lam0p005_slr1p5,0,0.005,10.0,0.005,1.5,500,0.04529039542314848,0.004165104474332185,0.010676990734390601,0.046175763212544185,493,0.05596738615753908,0.05724864239557528,0.046175763212544005,0.17082267172325902,0.777914668753303,0.5274509867147301,False,157.5868399143219,results/curve_fitting_tuning/sine_alpha0p5_paired_v1/sin/fedogda_s/seed_0/sine05_v1_stage_a_screen_fedogda_s_seed0_alpha0p5_T500_R3_batch256_glr0p005_cm10_lam0p005_slr1p5
stage_a_screen,fedogda_s,sine05_v1_stage_a_screen_fedogda_s_seed0_alpha0p5_T500_R3_batch256_glr0p005_cm7_lam0p005_slr1p5,0,0.005,7.0,0.005,1.5,500,0.05088136640465608,0.0044004023827790935,0.013688704457968888,0.05197174730551823,490,0.06457007086262496,0.06601758434014976,0.05197174730551824,0.18892516438656634,0.7513176497350551,0.4900649772422231,False,162.94109630584717,results/curve_fitting_tuning/sine_alpha0p5_paired_v1/sin/fedogda_s/seed_0/sine05_v1_stage_a_screen_fedogda_s_seed0_alpha0p5_T500_R3_batch256_glr0p005_cm7_lam0p005_slr1p5
stage_a_screen,fedogda_s,sine05_v1_stage_a_screen_fedogda_s_seed0_alpha0p5_T500_R3_batch256_glr0p005_cm7_lam0p01_slr1p5,0,0.005,7.0,0.01,1.5,500,0.05125267803736199,0.0039793288203475675,0.013066753515879041,0.05236542348149425,490,0.06431943155324103,0.0658595957655442,0.052365423481494394,0.1886819566912023,0.7453844767726635,0.49487200344700366,False,168.9389283657074,results/curve_fitting_tuning/sine_alpha0p5_paired_v1/sin/fedogda_s/seed_0/sine05_v1_stage_a_screen_fedogda_s_seed0_alpha0p5_T500_R3_batch256_glr0p005_cm7_lam0p01_slr1p5
stage_a_screen,fedogda_s,sine05_v1_stage_a_screen_fedogda_s_seed0_alpha0p5_T500_R3_batch256_glr0p003_cm10_lam0p1_slr1p5,0,0.003,10.0,0.1,1.5,500,0.07751078340022655,0.0017199640161268087,0.0014534538733877445,0.07927194715188061,493,0.07896423727361429,0.08128916921448633,0.0792719471518808,0.23608794115426313,0.5187433098958482,0.9983174502066032,False,155.21107602119446,results/curve_fitting_tuning/sine_alpha0p5_paired_v1/sin/fedogda_s/seed_0/sine05_v1_stage_a_screen_fedogda_s_seed0_alpha0p5_T500_R3_batch256_glr0p003_cm10_lam0p1_slr1p5
